"","id","role","author"
"1","10.1371/journal.pone.0020946","Conceived and designed the experiments","OP"
"2","10.1371/journal.pone.0020946","Performed the experiments","OP"
"3","10.1371/journal.pone.0020946","Analyzed the data","OP"
"4","10.1371/journal.pone.0020946","Contributed reagents/materials/analysis tools","OP"
"5","10.1371/journal.pone.0020946","Contributed reagents/materials/analysis tools","OH-G"
"6","10.1371/journal.pone.0020946","Wrote the paper","OP"
"7","10.1371/journal.pone.0029670","Conceived and designed the experiments","XWL"
"8","10.1371/journal.pone.0029670","Conceived and designed the experiments","HC"
"9","10.1371/journal.pone.0029670","Conceived and designed the experiments","YQS"
"10","10.1371/journal.pone.0029670","Conceived and designed the experiments","YNW"
"11","10.1371/journal.pone.0029670","Performed the experiments","XWL"
"12","10.1371/journal.pone.0029670","Analyzed the data","XWL"
"13","10.1371/journal.pone.0029670","Analyzed the data","ZWL"
"14","10.1371/journal.pone.0029670","Analyzed the data","HH"
"15","10.1371/journal.pone.0029670","Contributed reagents/materials/analysis tools","HC"
"16","10.1371/journal.pone.0029670","Contributed reagents/materials/analysis tools","YQS"
"17","10.1371/journal.pone.0029670","Contributed reagents/materials/analysis tools","YNW"
"18","10.1371/journal.pone.0029670","Wrote the paper","XWL"
"19","10.1371/journal.pone.0055085","Conceived and designed the experiments","NR"
"20","10.1371/journal.pone.0055085","Conceived and designed the experiments","DR"
"21","10.1371/journal.pone.0055085","Conceived and designed the experiments","DL"
"22","10.1371/journal.pone.0055085","Performed the experiments","ST"
"23","10.1371/journal.pone.0055085","Performed the experiments","EG"
"24","10.1371/journal.pone.0055085","Performed the experiments","CC"
"25","10.1371/journal.pone.0055085","Performed the experiments","DR"
"26","10.1371/journal.pone.0055085","Analyzed the data","DL"
"27","10.1371/journal.pone.0055085","Analyzed the data","NR"
"28","10.1371/journal.pone.0055085","Contributed reagents/materials/analysis tools","DL"
"29","10.1371/journal.pone.0055085","Contributed reagents/materials/analysis tools","DR"
"30","10.1371/journal.pone.0055085","Wrote the paper","NR"
"31","10.1371/journal.pone.0066610","Conceived and designed the experiments","HJK"
"32","10.1371/journal.pone.0066610","Conceived and designed the experiments","MAV"
"33","10.1371/journal.pone.0066610","Conceived and designed the experiments","GJB"
"34","10.1371/journal.pone.0066610","Conceived and designed the experiments","KLV"
"35","10.1371/journal.pone.0066610","Performed the experiments","HJK"
"36","10.1371/journal.pone.0066610","Performed the experiments","MB"
"37","10.1371/journal.pone.0066610","Performed the experiments","JdB"
"38","10.1371/journal.pone.0066610","Performed the experiments","SJV"
"39","10.1371/journal.pone.0066610","Performed the experiments","SMH"
"40","10.1371/journal.pone.0066610","Analyzed the data","HJK"
"41","10.1371/journal.pone.0066610","Analyzed the data","MB"
"42","10.1371/journal.pone.0066610","Analyzed the data","SJV"
"43","10.1371/journal.pone.0066610","Analyzed the data","GJB"
"44","10.1371/journal.pone.0066610","Analyzed the data","KLV"
"45","10.1371/journal.pone.0066610","Contributed reagents/materials/analysis tools","HJK"
"46","10.1371/journal.pone.0066610","Contributed reagents/materials/analysis tools","MAV"
"47","10.1371/journal.pone.0066610","Contributed reagents/materials/analysis tools","GJB"
"48","10.1371/journal.pone.0066610","Contributed reagents/materials/analysis tools","KLV"
"49","10.1371/journal.pone.0066610","Wrote the paper","HJK"
"50","10.1371/journal.pone.0066610","Wrote the paper","MB"
"51","10.1371/journal.pone.0066610","Wrote the paper","JdB"
"52","10.1371/journal.pone.0066610","Wrote the paper","SMH"
"53","10.1371/journal.pone.0066610","Wrote the paper","GJB"
"54","10.1371/journal.pone.0066610","Wrote the paper","KLV"
"56","10.1371/journal.pone.0052369","Conceived and designed the experiments","SS"
"57","10.1371/journal.pone.0052369","Performed the experiments","JB"
"58","10.1371/journal.pone.0052369","Performed the experiments","SS"
"59","10.1371/journal.pone.0052369","Analyzed the data","JB"
"60","10.1371/journal.pone.0052369","Analyzed the data","SS"
"61","10.1371/journal.pone.0052369","Contributed reagents/materials/analysis tools","SS"
"62","10.1371/journal.pone.0052369","Wrote the paper","JB"
"63","10.1371/journal.pone.0052369","Wrote the paper","SS"
"64","10.1371/journal.pone.0006668","Conceived and designed the experiments","WJM"
"65","10.1371/journal.pone.0006668","Conceived and designed the experiments","EPS"
"66","10.1371/journal.pone.0006668","Performed the experiments","WJM"
"67","10.1371/journal.pone.0006668","Performed the experiments","EPS"
"68","10.1371/journal.pone.0006668","Analyzed the data","WJM"
"69","10.1371/journal.pone.0006668","Analyzed the data","EPS"
"70","10.1371/journal.pone.0006668","Contributed reagents/materials/analysis tools","WJM"
"71","10.1371/journal.pone.0006668","Contributed reagents/materials/analysis tools","EPS"
"72","10.1371/journal.pone.0006668","Wrote the paper","WJM"
"73","10.1371/journal.pone.0006668","Wrote the paper","EPS"
"74","10.1371/journal.pone.0018166","Conceived and designed the experiments","NAA"
"75","10.1371/journal.pone.0018166","Conceived and designed the experiments","MMS"
"76","10.1371/journal.pone.0018166","Conceived and designed the experiments","MCE"
"77","10.1371/journal.pone.0018166","Conceived and designed the experiments","BPR"
"78","10.1371/journal.pone.0018166","Performed the experiments","HCP"
"79","10.1371/journal.pone.0018166","Performed the experiments","TBA"
"80","10.1371/journal.pone.0018166","Performed the experiments","BPR"
"81","10.1371/journal.pone.0018166","Analyzed the data","NAA"
"82","10.1371/journal.pone.0018166","Analyzed the data","GSP"
"83","10.1371/journal.pone.0018166","Analyzed the data","MMS"
"84","10.1371/journal.pone.0018166","Analyzed the data","MCE"
"85","10.1371/journal.pone.0018166","Wrote the paper","BPR"
"86","10.1371/journal.pone.0018166","Wrote the paper","NAA"
"87","10.1371/journal.pone.0018166","Wrote the paper","TBA"
"88","10.1371/journal.pone.0018166","Wrote the paper","HCP"
"89","10.1371/journal.pone.0018166","Wrote the paper","GSP"
"90","10.1371/journal.pone.0018166","Wrote the paper","MCE"
"91","10.1371/journal.pone.0018166","Wrote the paper","MMS"
"92","10.1371/journal.pone.0052368","Conceived and designed the experiments","EJHC"
"93","10.1371/journal.pone.0052368","Conceived and designed the experiments","MHS"
"94","10.1371/journal.pone.0052368","Conceived and designed the experiments","YH"
"95","10.1371/journal.pone.0052368","Conceived and designed the experiments","JKB"
"96","10.1371/journal.pone.0052368","Performed the experiments","EJHC"
"97","10.1371/journal.pone.0052368","Performed the experiments","MHS"
"98","10.1371/journal.pone.0052368","Performed the experiments","EKW"
"99","10.1371/journal.pone.0052368","Analyzed the data","EJHC"
"100","10.1371/journal.pone.0052368","Analyzed the data","MHS"
"101","10.1371/journal.pone.0052368","Analyzed the data","JKB"
"102","10.1371/journal.pone.0052368","Wrote the paper","EJHC"
"103","10.1371/journal.pone.0052368","Wrote the paper","JKB"
"104","10.1371/journal.pone.0052384","Conceived and designed the experiments","QZ"
"105","10.1371/journal.pone.0052384","Conceived and designed the experiments","DGT"
"106","10.1371/journal.pone.0052384","Performed the experiments","LZ"
"107","10.1371/journal.pone.0052384","Performed the experiments","RX"
"108","10.1371/journal.pone.0052384","Analyzed the data","LZ"
"109","10.1371/journal.pone.0052384","Analyzed the data","RX"
"110","10.1371/journal.pone.0052384","Analyzed the data","JX"
"111","10.1371/journal.pone.0052384","Analyzed the data","JL"
"112","10.1371/journal.pone.0052384","Analyzed the data","AE"
"113","10.1371/journal.pone.0052384","Analyzed the data","YH"
"114","10.1371/journal.pone.0052384","Analyzed the data","QD"
"115","10.1371/journal.pone.0052384","Analyzed the data","HX"
"116","10.1371/journal.pone.0052384","Analyzed the data","SL"
"117","10.1371/journal.pone.0052384","Analyzed the data","JW"
"118","10.1371/journal.pone.0052384","Analyzed the data","DGT"
"119","10.1371/journal.pone.0052384","Analyzed the data","QZ"
"120","10.1371/journal.pone.0052384","Contributed reagents/materials/analysis tools","JX"
"121","10.1371/journal.pone.0052384","Contributed reagents/materials/analysis tools","AE"
"122","10.1371/journal.pone.0052384","Contributed reagents/materials/analysis tools","YH"
"123","10.1371/journal.pone.0052384","Contributed reagents/materials/analysis tools","QD"
"124","10.1371/journal.pone.0052384","Contributed reagents/materials/analysis tools","HX"
"125","10.1371/journal.pone.0052384","Contributed reagents/materials/analysis tools","SL"
"126","10.1371/journal.pone.0052384","Contributed reagents/materials/analysis tools","JW"
"127","10.1371/journal.pone.0052384","Wrote the paper","LZ"
"128","10.1371/journal.pone.0052384","Wrote the paper","RX"
"129","10.1371/journal.pone.0052384","Wrote the paper","DGT"
"130","10.1371/journal.pone.0052384","Wrote the paper","QZ"
"131","10.1371/journal.pone.0023946","Conceived and designed the experiments","MS"
"132","10.1371/journal.pone.0023946","Conceived and designed the experiments","CK"
"133","10.1371/journal.pone.0023946","Conceived and designed the experiments","KH"
"134","10.1371/journal.pone.0023946","Conceived and designed the experiments","OH"
"135","10.1371/journal.pone.0023946","Performed the experiments","MS"
"136","10.1371/journal.pone.0023946","Performed the experiments","CK"
"137","10.1371/journal.pone.0023946","Analyzed the data","MS"
"138","10.1371/journal.pone.0023946","Analyzed the data","BB"
"139","10.1371/journal.pone.0023946","Analyzed the data","CK"
"140","10.1371/journal.pone.0023946","Analyzed the data","KH"
"141","10.1371/journal.pone.0023946","Contributed reagents/materials/analysis tools","MS"
"142","10.1371/journal.pone.0023946","Contributed reagents/materials/analysis tools","FB"
"143","10.1371/journal.pone.0023946","Contributed reagents/materials/analysis tools","JB"
"144","10.1371/journal.pone.0023946","Contributed reagents/materials/analysis tools","GF"
"145","10.1371/journal.pone.0023946","Contributed reagents/materials/analysis tools","CF"
"146","10.1371/journal.pone.0023946","Contributed reagents/materials/analysis tools","H-AH"
"147","10.1371/journal.pone.0023946","Contributed reagents/materials/analysis tools","JvL"
"148","10.1371/journal.pone.0023946","Contributed reagents/materials/analysis tools","AP"
"149","10.1371/journal.pone.0023946","Contributed reagents/materials/analysis tools","SR"
"150","10.1371/journal.pone.0023946","Contributed reagents/materials/analysis tools","JR"
"151","10.1371/journal.pone.0023946","Contributed reagents/materials/analysis tools","H-JS"
"152","10.1371/journal.pone.0023946","Wrote the paper","MS"
"153","10.1371/journal.pone.0023946","Wrote the paper","BB"
"154","10.1371/journal.pone.0023946","Wrote the paper","CK"
"155","10.1371/journal.pone.0043710","Conceived and designed the experiments","DP"
"156","10.1371/journal.pone.0043710","Conceived and designed the experiments","OM"
"157","10.1371/journal.pone.0043710","Performed the experiments","OM"
"158","10.1371/journal.pone.0043710","Performed the experiments","CB"
"159","10.1371/journal.pone.0043710","Performed the experiments","OC"
"160","10.1371/journal.pone.0043710","Analyzed the data","OM"
"161","10.1371/journal.pone.0043710","Wrote the paper","DP"
"162","10.1371/journal.pone.0043710","Wrote the paper","VB"
"163","10.1371/journal.pone.0035295","Conceived and designed the experiments","IK"
"164","10.1371/journal.pone.0035295","Conceived and designed the experiments","CJN"
"165","10.1371/journal.pone.0035295","Conceived and designed the experiments","HT"
"166","10.1371/journal.pone.0035295","Conceived and designed the experiments","AP"
"167","10.1371/journal.pone.0035295","Conceived and designed the experiments","LD"
"168","10.1371/journal.pone.0035295","Performed the experiments","CJN"
"169","10.1371/journal.pone.0035295","Performed the experiments","MT"
"170","10.1371/journal.pone.0035295","Performed the experiments","HT"
"171","10.1371/journal.pone.0035295","Performed the experiments","IK"
"172","10.1371/journal.pone.0035295","Performed the experiments","AP"
"173","10.1371/journal.pone.0035295","Performed the experiments","LD"
"174","10.1371/journal.pone.0035295","Analyzed the data","MG"
"175","10.1371/journal.pone.0035295","Analyzed the data","IK"
"176","10.1371/journal.pone.0035295","Analyzed the data","CJN"
"177","10.1371/journal.pone.0035295","Analyzed the data","HT"
"178","10.1371/journal.pone.0035295","Analyzed the data","AP"
"179","10.1371/journal.pone.0035295","Analyzed the data","LD"
"180","10.1371/journal.pone.0035295","Contributed reagents/materials/analysis tools","EG"
"181","10.1371/journal.pone.0035295","Contributed reagents/materials/analysis tools","AL"
"182","10.1371/journal.pone.0035295","Contributed reagents/materials/analysis tools","HT"
"183","10.1371/journal.pone.0035295","Contributed reagents/materials/analysis tools","MD"
"184","10.1371/journal.pone.0035295","Contributed reagents/materials/analysis tools","IK"
"185","10.1371/journal.pone.0035295","Wrote the paper","IK"
"186","10.1371/journal.pone.0035295","Wrote the paper","HT"
"187","10.1371/journal.pone.0035295","Wrote the paper","AP"
"188","10.1371/journal.pone.0035295","Wrote the paper","LD"
"189","10.1371/journal.pone.0052378","Conceived and designed the experiments","WE"
"190","10.1371/journal.pone.0052378","Conceived and designed the experiments","WG"
"191","10.1371/journal.pone.0052378","Performed the experiments","NG"
"192","10.1371/journal.pone.0052378","Performed the experiments","AG"
"193","10.1371/journal.pone.0052378","Performed the experiments","AS"
"194","10.1371/journal.pone.0052378","Analyzed the data","NG"
"195","10.1371/journal.pone.0052378","Analyzed the data","AG"
"196","10.1371/journal.pone.0052378","Analyzed the data","WE"
"197","10.1371/journal.pone.0052378","Analyzed the data","WG"
"198","10.1371/journal.pone.0052378","Contributed reagents/materials/analysis tools","AS"
"199","10.1371/journal.pone.0052378","Wrote the paper","WG"
"200","10.1371/journal.pone.0052378","Wrote the paper","WE"
"201","10.1371/journal.pone.0009547","Conceived and designed the experiments","SKN"
"202","10.1371/journal.pone.0009547","Conceived and designed the experiments","WSL"
"203","10.1371/journal.pone.0009547","Conceived and designed the experiments","HX"
"204","10.1371/journal.pone.0009547","Performed the experiments","FWP"
"205","10.1371/journal.pone.0009547","Performed the experiments","CZ"
"206","10.1371/journal.pone.0009547","Performed the experiments","ZY"
"207","10.1371/journal.pone.0009547","Performed the experiments","JC"
"208","10.1371/journal.pone.0009547","Performed the experiments","KLT"
"209","10.1371/journal.pone.0009547","Performed the experiments","ZX"
"210","10.1371/journal.pone.0009547","Performed the experiments","SYT"
"211","10.1371/journal.pone.0009547","Analyzed the data","SKN"
"212","10.1371/journal.pone.0009547","Analyzed the data","WSL"
"213","10.1371/journal.pone.0009547","Analyzed the data","QY"
"214","10.1371/journal.pone.0009547","Analyzed the data","WY"
"215","10.1371/journal.pone.0009547","Contributed reagents/materials/analysis tools","VN"
"216","10.1371/journal.pone.0009547","Contributed reagents/materials/analysis tools","GS"
"217","10.1371/journal.pone.0009547","Contributed reagents/materials/analysis tools","MH"
"218","10.1371/journal.pone.0009547","Wrote the paper","SKN"
"219","10.1371/journal.pone.0009547","Wrote the paper","WSL"
"220","10.1371/journal.pone.0009547","Wrote the paper","HX"
"221","10.1371/journal.pone.0040992","Conceived and designed the experiments","EG"
"222","10.1371/journal.pone.0040992","Conceived and designed the experiments","CG"
"223","10.1371/journal.pone.0040992","Conceived and designed the experiments","ED"
"224","10.1371/journal.pone.0040992","Conceived and designed the experiments","EL"
"225","10.1371/journal.pone.0040992","Performed the experiments","EG"
"226","10.1371/journal.pone.0040992","Performed the experiments","CG"
"227","10.1371/journal.pone.0040992","Analyzed the data","EG"
"228","10.1371/journal.pone.0040992","Analyzed the data","ED"
"229","10.1371/journal.pone.0040992","Analyzed the data","EL"
"230","10.1371/journal.pone.0040992","Contributed reagents/materials/analysis tools","CG"
"231","10.1371/journal.pone.0040992","Wrote the paper","EL"
"232","10.1371/journal.pone.0040985","Conceived and designed the experiments","PG"
"233","10.1371/journal.pone.0040985","Conceived and designed the experiments","TG"
"234","10.1371/journal.pone.0040985","Conceived and designed the experiments","LD"
"235","10.1371/journal.pone.0040985","Conceived and designed the experiments","EC"
"236","10.1371/journal.pone.0040985","Conceived and designed the experiments","JV"
"237","10.1371/journal.pone.0040985","Conceived and designed the experiments","BG"
"238","10.1371/journal.pone.0040985","Performed the experiments","LD"
"239","10.1371/journal.pone.0040985","Performed the experiments","MR"
"240","10.1371/journal.pone.0040985","Performed the experiments","KC"
"241","10.1371/journal.pone.0040985","Performed the experiments","RL"
"242","10.1371/journal.pone.0040985","Performed the experiments","WVDB"
"243","10.1371/journal.pone.0040985","Analyzed the data","LD"
"244","10.1371/journal.pone.0040985","Analyzed the data","MR"
"245","10.1371/journal.pone.0040985","Analyzed the data","RL"
"246","10.1371/journal.pone.0040985","Analyzed the data","KC"
"247","10.1371/journal.pone.0040985","Analyzed the data","WVDB"
"248","10.1371/journal.pone.0040985","Wrote the paper","LD"
"249","10.1371/journal.pone.0040985","Wrote the paper","PG"
"250","10.1371/journal.pone.0040985","Wrote the paper","EC"
"251","10.1371/journal.pone.0040985","Wrote the paper","JV"
"252","10.1371/journal.pone.0040985","Wrote the paper","BG"
"253","10.1371/journal.pntd.0000334","Conceived and designed the experiments","MKJ"
"254","10.1371/journal.pntd.0000334","Conceived and designed the experiments","SHB"
"255","10.1371/journal.pntd.0000334","Performed the experiments","MKJ"
"256","10.1371/journal.pntd.0000334","Performed the experiments","SHB"
"257","10.1371/journal.pntd.0000334","Performed the experiments","KMG"
"258","10.1371/journal.pntd.0000334","Performed the experiments","PH"
"259","10.1371/journal.pntd.0000334","Performed the experiments","MD"
"260","10.1371/journal.pntd.0000334","Analyzed the data","MKJ"
"261","10.1371/journal.pntd.0000334","Analyzed the data","SHB"
"262","10.1371/journal.pntd.0000334","Analyzed the data","KMG"
"263","10.1371/journal.pntd.0000334","Contributed reagents/materials/analysis tools","MKJ"
"264","10.1371/journal.pntd.0000334","Contributed reagents/materials/analysis tools","SHB"
"265","10.1371/journal.pntd.0000334","Contributed reagents/materials/analysis tools","KMG"
"266","10.1371/journal.pntd.0000334","Wrote the paper","MKJ"
"267","10.1371/journal.pntd.0000334","Wrote the paper","KMG"
"268","10.1371/journal.pntd.0000334","Wrote the paper","AL"
"269","10.1371/journal.pntd.0000334","Wrote the paper","DPM"
"270","10.1371/journal.pone.0043680","Conceived and designed the experiments","PKC"
"271","10.1371/journal.pone.0043680","Conceived and designed the experiments","LSR"
"272","10.1371/journal.pone.0043680","Analyzed the data","PKC"
"273","10.1371/journal.pone.0043680","Contributed reagents/materials/analysis tools","LSR"
"274","10.1371/journal.pone.0043680","Contributed reagents/materials/analysis tools","KTL"
"275","10.1371/journal.pone.0043680","Contributed reagents/materials/analysis tools","YLY"
"276","10.1371/journal.pone.0043680","Wrote the paper","PKC"
"277","10.1371/journal.pone.0043680","Wrote the paper","LSR"
"278","10.1371/journal.pone.0043680","Wrote the paper","KTL"
"279","10.1371/journal.pone.0043680","Wrote the paper","YLL"
"317","10.1371/journal.pone.0052338","Conceived and designed the experiments","PJA"
"318","10.1371/journal.pone.0052338","Conceived and designed the experiments","AKW"
"319","10.1371/journal.pone.0052338","Conceived and designed the experiments","BAN"
"320","10.1371/journal.pone.0052338","Conceived and designed the experiments","SJO"
"321","10.1371/journal.pone.0052338","Conceived and designed the experiments","RKS"
"322","10.1371/journal.pone.0052338","Conceived and designed the experiments","RTR"
"323","10.1371/journal.pone.0052338","Performed the experiments","PJA"
"324","10.1371/journal.pone.0052338","Performed the experiments","AKW"
"325","10.1371/journal.pone.0052338","Performed the experiments","BOF"
"326","10.1371/journal.pone.0052338","Performed the experiments","CRH"
"327","10.1371/journal.pone.0052338","Analyzed the data","PJA"
"328","10.1371/journal.pone.0052338","Analyzed the data","AKW"
"329","10.1371/journal.pone.0052338","Analyzed the data","RTR"
"330","10.1371/journal.pone.0052338","Analyzed the data","BAN"
"331","10.1371/journal.pone.0052338","Contributed reagents/materials/analysis tools","CRH"
"332","10.1371/journal.pone.0052338","Wrote the paper","PJA"
"333","10.1371/journal.pone.0052338","Wrote the paper","AKW"
"334","10.1371/journal.pone.0052338","Wrote the paper","BOF"
"335","10.1371/journal.pone.0052338","Wrote the paper","BAN"
"336","10.1371/journal.pone.0052338","Wrote the paper","SJO"
"337","10.1371/journal.pone.0052338","Wrote the paper","RKS"
"338","10.1371/journal.pone.0052338","Wrote the paper","RTR"
"339","10.1371/journal.pone.0020949","Conceived and designed the experiments","LG"
"340","10.1371/journal.pone.0020949","Performed the experiments","LG"
"341","10.1371/journal.pone.0020949","Performed the experiments","HD"
"342","10.1371/journal.pone.0020949","Performed the experiments","T-LZ"
"343","10.1371/journal.pone.0020949","Analyzed the data","LG"
"344","10.1371/journal.pone.0020949","Analyzed the data","HD"
"345","10.1371/journal.pone.0020949","Analyzed the data","T-LZ"
"346","10.1371/journal.pone.0020949","Wrote the paper","LG"
"347","10.1371/journal.pone.0020949","Wrote the paper","K-CC"
"348","10.1371/journal.pone.0009553","Conceived and designed the experiments","ACD"
"349","10.1371/journal.pone.0009553","Conceived and designed the experiments","JKG"
"350","10.1371/journal.pone.0009553","Performed the experiments","ACD"
"351","10.1371/journal.pone.0009553","Performed the experiments","JKG"
"352","10.1371/journal.pone.0009553","Analyzed the data","ACD"
"353","10.1371/journal.pone.0009553","Analyzed the data","JKG"
"354","10.1371/journal.pone.0009553","Wrote the paper","ACD"
"355","10.1371/journal.pone.0009553","Wrote the paper","JKG"
"356","10.1371/journal.ppat.1002010","Conceived and designed the experiments","SACG,"
"357","10.1371/journal.ppat.1002010","Conceived and designed the experiments","JWM,"
"358","10.1371/journal.ppat.1002010","Conceived and designed the experiments","HCL,"
"359","10.1371/journal.ppat.1002010","Conceived and designed the experiments","RWJ,"
"360","10.1371/journal.ppat.1002010","Conceived and designed the experiments","DLA"
"361","10.1371/journal.ppat.1002010","Performed the experiments","SACG,"
"362","10.1371/journal.ppat.1002010","Performed the experiments","HCL,"
"363","10.1371/journal.ppat.1002010","Performed the experiments","DSC,"
"364","10.1371/journal.ppat.1002010","Performed the experiments","JWM"
"365","10.1371/journal.ppat.1002010","Analyzed the data","SACG,"
"366","10.1371/journal.ppat.1002010","Analyzed the data","HCL,"
"367","10.1371/journal.ppat.1002010","Analyzed the data","DLA"
"368","10.1371/journal.ppat.1002010","Contributed reagents/materials/analysis tools","SACG,"
"369","10.1371/journal.ppat.1002010","Contributed reagents/materials/analysis tools","DLA,"
"370","10.1371/journal.ppat.1002010","Contributed reagents/materials/analysis tools","JWM"
"371","10.1371/journal.ppat.1002010","Wrote the paper","JWM,"
"372","10.1371/journal.ppat.1002010","Wrote the paper","SACG,"
"373","10.1371/journal.ppat.1002010","Wrote the paper","DLA,"
"374","10.1371/journal.ppat.1002010","Wrote the paper","HCL,"
"375","10.1371/journal.ppat.1002010","Wrote the paper","RWJ"
"376","10.1371/journal.pone.0046710","Performed the experiments","MS"
"377","10.1371/journal.pone.0046710","Performed the experiments","YZ"
"378","10.1371/journal.pone.0046710","Analyzed the data","MS"
"379","10.1371/journal.pone.0046710","Analyzed the data","AL"
"380","10.1371/journal.pone.0046710","Analyzed the data","GSW"
"381","10.1371/journal.pone.0046710","Analyzed the data","JAW"
"382","10.1371/journal.pone.0046710","Analyzed the data","YZ"
"383","10.1371/journal.pone.0046710","Analyzed the data","LJ"
"384","10.1371/journal.pone.0046710","Contributed reagents/materials/analysis tools","AL"
"385","10.1371/journal.pone.0046710","Contributed reagents/materials/analysis tools","LJ"
"386","10.1371/journal.pone.0046710","Wrote the paper","MS"
"387","10.1371/journal.pone.0046710","Wrote the paper","AL"
"388","10.1371/journal.pone.0046710","Wrote the paper","GSW"
"389","10.1371/journal.pone.0046710","Wrote the paper","JAW"
"390","10.1371/journal.pone.0018138","Conceived and designed the experiments","CMC"
"391","10.1371/journal.pone.0018138","Conceived and designed the experiments","RGB"
"392","10.1371/journal.pone.0018138","Conceived and designed the experiments","FGH"
"393","10.1371/journal.pone.0018138","Performed the experiments","CMC"
"394","10.1371/journal.pone.0018138","Performed the experiments","GLS"
"395","10.1371/journal.pone.0018138","Performed the experiments","FGH"
"396","10.1371/journal.pone.0018138","Analyzed the data","CMC"
"397","10.1371/journal.pone.0018138","Analyzed the data","RGB"
"398","10.1371/journal.pone.0018138","Analyzed the data","GLS"
"399","10.1371/journal.pone.0018138","Analyzed the data","FGH"
"400","10.1371/journal.pone.0018138","Wrote the paper","CMC"
"401","10.1371/journal.pone.0018138","Wrote the paper","RGB"
"402","10.1371/journal.pone.0018138","Wrote the paper","GLS"
"403","10.1371/journal.pone.0018138","Wrote the paper","FGH"
"404","10.1371/journal.pone.0020950","Conceived and designed the experiments","WC"
"405","10.1371/journal.pone.0020950","Conceived and designed the experiments","ZW"
"406","10.1371/journal.pone.0020950","Performed the experiments","LW"
"407","10.1371/journal.pone.0020950","Performed the experiments","FZ"
"408","10.1371/journal.pone.0020950","Analyzed the data","LW"
"409","10.1371/journal.pone.0020950","Analyzed the data","ML"
"410","10.1371/journal.pone.0020950","Contributed reagents/materials/analysis tools","HZ"
"411","10.1371/journal.pone.0020950","Contributed reagents/materials/analysis tools","YG"
"412","10.1371/journal.pone.0020950","Contributed reagents/materials/analysis tools","PC"
"413","10.1371/journal.pone.0020950","Contributed reagents/materials/analysis tools","XP"
"414","10.1371/journal.pone.0020950","Wrote the paper","LW"
"415","10.1371/journal.pone.0020950","Wrote the paper","WC"
"416","10.1371/journal.pone.0009557","Conceived and designed the experiments","WGD"
"417","10.1371/journal.pone.0009557","Performed the experiments","WGD"
"418","10.1371/journal.pone.0009557","Performed the experiments","BZ"
"419","10.1371/journal.pone.0009557","Analyzed the data","WGD"
"420","10.1371/journal.pone.0009557","Wrote the paper","WGD"
"421","10.1371/journal.pone.0009557","Wrote the paper","RS"
"422","10.1371/journal.pone.0018137","Conceived and designed the experiments","FR"
"423","10.1371/journal.pone.0018137","Conceived and designed the experiments","WJO"
"424","10.1371/journal.pone.0018137","Performed the experiments","FR"
"425","10.1371/journal.pone.0018137","Performed the experiments","TH"
"426","10.1371/journal.pone.0018137","Performed the experiments","AH"
"427","10.1371/journal.pone.0018137","Analyzed the data","FR"
"428","10.1371/journal.pone.0018137","Analyzed the data","WJO"
"429","10.1371/journal.pone.0018137","Contributed reagents/materials/analysis
                        tools","WJO"
"430","10.1371/journal.pone.0018137","Wrote the paper","FR"
"432","10.1371/journal.pone.0009552","Conceived and designed the experiments","AW"
"433","10.1371/journal.pone.0009552","Conceived and designed the experiments","JWM"
"434","10.1371/journal.pone.0009552","Performed the experiments","AW"
"435","10.1371/journal.pone.0009552","Analyzed the data","AW"
"436","10.1371/journal.pone.0009552","Analyzed the data","JWM"
"437","10.1371/journal.pone.0009552","Contributed reagents/materials/analysis tools","AW"
"438","10.1371/journal.pone.0009552","Contributed reagents/materials/analysis tools","XZ"
"439","10.1371/journal.pone.0009552","Contributed reagents/materials/analysis tools","JWM"
"440","10.1371/journal.pone.0009552","Wrote the paper","AW"
"441","10.1371/journal.pone.0009552","Wrote the paper","JWM"
"442","10.1371/journal.pone.0012408","Conceived and designed the experiments","MIV"
"443","10.1371/journal.pone.0012408","Conceived and designed the experiments","PEF"
"444","10.1371/journal.pone.0012408","Conceived and designed the experiments","UER"
"445","10.1371/journal.pone.0012408","Conceived and designed the experiments","AB"
"446","10.1371/journal.pone.0012408","Conceived and designed the experiments","JPG"
"447","10.1371/journal.pone.0012408","Performed the experiments","MIV"
"448","10.1371/journal.pone.0012408","Performed the experiments","PEF"
"449","10.1371/journal.pone.0012408","Performed the experiments","BAS"
"450","10.1371/journal.pone.0012408","Performed the experiments","JPG"
"451","10.1371/journal.pone.0012408","Analyzed the data","MIV"
"452","10.1371/journal.pone.0012408","Analyzed the data","PEF"
"453","10.1371/journal.pone.0012408","Analyzed the data","UER"
"454","10.1371/journal.pone.0012408","Analyzed the data","AT"
"455","10.1371/journal.pone.0012408","Analyzed the data","JPG"
"456","10.1371/journal.pone.0012408","Contributed reagents/materials/analysis tools","AB"
"457","10.1371/journal.pone.0012408","Contributed reagents/materials/analysis tools","JPG"
"458","10.1371/journal.pone.0012408","Wrote the paper","MIV"
"459","10.1371/journal.pone.0012408","Wrote the paper","PEF"
"460","10.1371/journal.pone.0012408","Wrote the paper","UER"
"461","10.1371/journal.pone.0012408","Wrote the paper","AB"
"462","10.1371/journal.pone.0012408","Wrote the paper","AT"
"463","10.1371/journal.pone.0012408","Wrote the paper","JPG"
"464","10.1371/journal.pone.0052327","Conceived and designed the experiments","MSG"
"465","10.1371/journal.pone.0052327","Performed the experiments","WZ"
"466","10.1371/journal.pone.0052327","Performed the experiments","DNZ"
"467","10.1371/journal.pone.0052327","Performed the experiments","CM"
"468","10.1371/journal.pone.0052327","Performed the experiments","JC"
"469","10.1371/journal.pone.0052327","Performed the experiments","GJ"
"470","10.1371/journal.pone.0052327","Analyzed the data","WZ"
"471","10.1371/journal.pone.0052327","Analyzed the data","DNZ"
"472","10.1371/journal.pone.0052327","Analyzed the data","MSG"
"473","10.1371/journal.pone.0052327","Contributed reagents/materials/analysis tools","DNZ"
"474","10.1371/journal.pone.0052327","Contributed reagents/materials/analysis tools","CM"
"475","10.1371/journal.pone.0052327","Contributed reagents/materials/analysis tools","JC"
"476","10.1371/journal.pone.0052327","Contributed reagents/materials/analysis tools","GJ"
"477","10.1371/journal.pone.0052327","Contributed reagents/materials/analysis tools","KS"
"478","10.1371/journal.pone.0052327","Wrote the paper","WZ"
"479","10.1371/journal.pone.0052327","Wrote the paper","MSG"
"480","10.1371/journal.pone.0003827","Conceived and designed the experiments","GJM"
"481","10.1371/journal.pone.0003827","Performed the experiments","GJM"
"482","10.1371/journal.pone.0003827","Performed the experiments","JLG"
"483","10.1371/journal.pone.0003827","Performed the experiments","AT"
"484","10.1371/journal.pone.0003827","Analyzed the data","GJM"
"485","10.1371/journal.pone.0003827","Analyzed the data","TLA"
"486","10.1371/journal.pone.0003827","Wrote the paper","GJM"
"487","10.1371/journal.pone.0018131","Conceived and designed the experiments","AAAA"
"488","10.1371/journal.pone.0018131","Conceived and designed the experiments","KP"
"489","10.1371/journal.pone.0018131","Conceived and designed the experiments","TRJ"
"490","10.1371/journal.pone.0018131","Performed the experiments","AAAA"
"491","10.1371/journal.pone.0018131","Performed the experiments","VMG"
"492","10.1371/journal.pone.0018131","Analyzed the data","AAAA"
"493","10.1371/journal.pone.0018131","Analyzed the data","KP"
"494","10.1371/journal.pone.0018131","Analyzed the data","VMG"
"495","10.1371/journal.pone.0018131","Wrote the paper","AAAA"
"496","10.1371/journal.pone.0018131","Wrote the paper","KP"
"497","10.1371/journal.pone.0018131","Wrote the paper","TRJ"
"498","10.1371/journal.pone.0015490","Conceived and designed the experiments","JC"
"499","10.1371/journal.pone.0015490","Performed the experiments","JL"
"500","10.1371/journal.pone.0015490","Performed the experiments","RN"
"501","10.1371/journal.pone.0015490","Performed the experiments","JC"
"502","10.1371/journal.pone.0015490","Analyzed the data","JL"
"503","10.1371/journal.pone.0015490","Analyzed the data","RN"
"504","10.1371/journal.pone.0015490","Contributed reagents/materials/analysis tools","KAS"
"505","10.1371/journal.pone.0015490","Contributed reagents/materials/analysis tools","LP"
"506","10.1371/journal.pone.0015490","Contributed reagents/materials/analysis tools","JC"
"507","10.1371/journal.pone.0015490","Wrote the paper","JL"
"508","10.1371/journal.pone.0015490","Wrote the paper","RN"
"509","10.1371/journal.pone.0015490","Wrote the paper","LP"
"510","10.1371/journal.pone.0015490","Wrote the paper","KAS"
"511","10.1371/journal.pone.0015490","Wrote the paper","JC"
"512","10.1371/journal.pone.0038216","Conceived and designed the experiments","AAK"
"513","10.1371/journal.pone.0038216","Conceived and designed the experiments","AR"
"514","10.1371/journal.pone.0038216","Conceived and designed the experiments","MRJ"
"515","10.1371/journal.pone.0038216","Performed the experiments","AAK"
"516","10.1371/journal.pone.0038216","Performed the experiments","AR"
"517","10.1371/journal.pone.0038216","Performed the experiments","MRJ"
"518","10.1371/journal.pone.0038216","Analyzed the data","AAK"
"519","10.1371/journal.pone.0038216","Contributed reagents/materials/analysis tools","AAK"
"520","10.1371/journal.pone.0038216","Contributed reagents/materials/analysis tools","MK"
"521","10.1371/journal.pone.0038216","Wrote the paper","AAK"
"522","10.1371/journal.pone.0038216","Wrote the paper","AR"
"523","10.1371/journal.pone.0038216","Wrote the paper","MRJ"
"533","10.1371/journal.pone.0035266","Conceived and designed the experiments","WCL"
"534","10.1371/journal.pone.0035266","Conceived and designed the experiments","CPL"
"535","10.1371/journal.pone.0035266","Conceived and designed the experiments","YFC"
"536","10.1371/journal.pone.0035266","Performed the experiments","WCL"
"537","10.1371/journal.pone.0035266","Performed the experiments","TWH"
"538","10.1371/journal.pone.0035266","Performed the experiments","CWW"
"539","10.1371/journal.pone.0035266","Performed the experiments","HLC"
"540","10.1371/journal.pone.0035266","Performed the experiments","CHL"
"541","10.1371/journal.pone.0035266","Analyzed the data","TWH"
"542","10.1371/journal.pone.0035266","Analyzed the data","CPL"
"543","10.1371/journal.pone.0035266","Contributed reagents/materials/analysis tools","KHC"
"544","10.1371/journal.pone.0035266","Wrote the paper","WCL"
"545","10.1371/journal.pone.0035266","Wrote the paper","TWH"
"561","10.1371/journal.pone.0009533","Conceived and designed the experiments","PLS"
"562","10.1371/journal.pone.0009533","Conceived and designed the experiments","CL"
"563","10.1371/journal.pone.0009533","Conceived and designed the experiments","GO"
"564","10.1371/journal.pone.0009533","Conceived and designed the experiments","MH"
"565","10.1371/journal.pone.0009533","Performed the experiments","PLS"
"566","10.1371/journal.pone.0009533","Analyzed the data","PLS"
"567","10.1371/journal.pone.0009533","Analyzed the data","CL"
"568","10.1371/journal.pone.0009533","Analyzed the data","GO"
"569","10.1371/journal.pone.0009533","Analyzed the data","MH"
"570","10.1371/journal.pone.0009533","Wrote the paper","PLS"
"571","10.1371/journal.pone.0009533","Wrote the paper","CL"
"572","10.1371/journal.pone.0009533","Wrote the paper","GO"
"573","10.1371/journal.pone.0009533","Wrote the paper","JL"
"574","10.1371/journal.pone.0009533","Wrote the paper","MH"
"576","10.1371/journal.pone.0046700","Conceived and designed the experiments","YYL"
"577","10.1371/journal.pone.0046700","Conceived and designed the experiments","CQC"
"578","10.1371/journal.pone.0046700","Conceived and designed the experiments","YSH"
"579","10.1371/journal.pone.0046700","Performed the experiments","YYL"
"580","10.1371/journal.pone.0046700","Analyzed the data","YYL"
"581","10.1371/journal.pone.0046700","Contributed reagents/materials/analysis tools","YYL"
"582","10.1371/journal.pone.0046700","Wrote the paper","YYL"
"583","10.1371/journal.pone.0046700","Wrote the paper","CQC"
"584","10.1371/journal.pone.0046700","Wrote the paper","YSH"
"585","10.1371/journal.pone.0040978","Conceived and designed the experiments","BHIR"
"586","10.1371/journal.pone.0040978","Performed the experiments","WTS"
"587","10.1371/journal.pone.0040978","Performed the experiments","MM"
"588","10.1371/journal.pone.0040978","Performed the experiments","KKA"
"589","10.1371/journal.pone.0040978","Performed the experiments","AWAI"
"590","10.1371/journal.pone.0040978","Performed the experiments","KHC"
"591","10.1371/journal.pone.0040978","Analyzed the data","WTS"
"592","10.1371/journal.pone.0040978","Analyzed the data","MM"
"593","10.1371/journal.pone.0040978","Analyzed the data","KHC"
"594","10.1371/journal.pone.0040978","Analyzed the data","BHIR"
"602","10.1371/journal.pone.0060789","Conceived and designed the experiments","LW"
"603","10.1371/journal.pone.0060789","Conceived and designed the experiments","MB"
"604","10.1371/journal.pone.0060789","Conceived and designed the experiments","AM"
"605","10.1371/journal.pone.0060789","Performed the experiments","LW"
"606","10.1371/journal.pone.0060789","Performed the experiments","MB"
"607","10.1371/journal.pone.0060789","Analyzed the data","LW"
"608","10.1371/journal.pone.0060789","Wrote the paper","LW"
"609","10.1371/journal.pone.0060789","Wrote the paper","MB"
"610","10.1371/journal.pone.0060789","Wrote the paper","AM"
"611","10.1371/journal.pntd.0000330","Conceived and designed the experiments","CG"
"612","10.1371/journal.pntd.0000330","Conceived and designed the experiments","GM"
"613","10.1371/journal.pntd.0000330","Performed the experiments","ER"
"614","10.1371/journal.pntd.0000330","Performed the experiments","HH"
"615","10.1371/journal.pntd.0000330","Performed the experiments","BG"
"616","10.1371/journal.pntd.0000330","Performed the experiments","RG"
"617","10.1371/journal.pntd.0000330","Performed the experiments","CC"
"618","10.1371/journal.pntd.0000330","Performed the experiments","GM"
"619","10.1371/journal.pntd.0000330","Analyzed the data","ER"
"620","10.1371/journal.pntd.0000330","Analyzed the data","CG"
"621","10.1371/journal.pntd.0000330","Analyzed the data","RJP"
"622","10.1371/journal.pntd.0000330","Analyzed the data","GM"
"623","10.1371/journal.pntd.0000330","Contributed reagents/materials/analysis tools","RJP"
"624","10.1371/journal.pntd.0000330","Contributed reagents/materials/analysis tools","HH"
"625","10.1371/journal.pntd.0000330","Contributed reagents/materials/analysis tools","RE"
"626","10.1371/journal.pntd.0000330","Contributed reagents/materials/analysis tools","IMC"
"627","10.1371/journal.pntd.0000330","Contributed reagents/materials/analysis tools","CC"
"628","10.1371/journal.pntd.0000330","Wrote the paper","GM"
"629","10.1371/journal.pone.0041008","Conceived and designed the experiments","NDI"
"630","10.1371/journal.pone.0041008","Conceived and designed the experiments","JME"
"631","10.1371/journal.pone.0041008","Conceived and designed the experiments","MMR"
"632","10.1371/journal.pone.0041008","Performed the experiments","MMR"
"633","10.1371/journal.pone.0041008","Performed the experiments","FG"
"634","10.1371/journal.pone.0041008","Performed the experiments","RMG"
"635","10.1371/journal.pone.0041008","Performed the experiments","HPB"
"636","10.1371/journal.pone.0041008","Performed the experiments","MPLF"
"637","10.1371/journal.pone.0041008","Analyzed the data","NDI"
"638","10.1371/journal.pone.0041008","Analyzed the data","JME"
"639","10.1371/journal.pone.0041008","Contributed reagents/materials/analysis tools","EAJE"
"640","10.1371/journal.pone.0041008","Wrote the paper","NDI"
"641","10.1371/journal.pone.0041008","Wrote the paper","MMR"
"642","10.1371/journal.pone.0001065","Conceived and designed the experiments","HA"
"643","10.1371/journal.pone.0001065","Conceived and designed the experiments","PG"
"644","10.1371/journal.pone.0001065","Analyzed the data","HA"
"645","10.1371/journal.pone.0001065","Analyzed the data","PG"
"646","10.1371/journal.pone.0001065","Wrote the paper","HA"
"650","10.1371/journal.pone.0046696","Conceived and designed the experiments","IV"
"651","10.1371/journal.pone.0046696","Conceived and designed the experiments","LAD"
"652","10.1371/journal.pone.0046696","Conceived and designed the experiments","YG"
"653","10.1371/journal.pone.0046696","Conceived and designed the experiments","JIS"
"654","10.1371/journal.pone.0046696","Performed the experiments","IV"
"655","10.1371/journal.pone.0046696","Performed the experiments","LAD"
"656","10.1371/journal.pone.0046696","Performed the experiments","AB"
"657","10.1371/journal.pone.0046696","Performed the experiments","ITH"
"658","10.1371/journal.pone.0046696","Performed the experiments","KS"
"659","10.1371/journal.pone.0046696","Performed the experiments","LCW"
"660","10.1371/journal.pone.0046696","Performed the experiments","AMK"
"661","10.1371/journal.pone.0046696","Performed the experiments","BG"
"662","10.1371/journal.pone.0046696","Analyzed the data","IV"
"663","10.1371/journal.pone.0046696","Analyzed the data","LAD"
"664","10.1371/journal.pone.0046696","Analyzed the data","YG"
"665","10.1371/journal.pone.0046696","Analyzed the data","JIS"
"666","10.1371/journal.pone.0046696","Contributed reagents/materials/analysis tools","GRSB"
"667","10.1371/journal.pone.0046696","Contributed reagents/materials/analysis tools","JL"
"668","10.1371/journal.pone.0046696","Contributed reagents/materials/analysis tools","WS"
"669","10.1371/journal.pone.0046696","Contributed reagents/materials/analysis tools","GJB"
"670","10.1371/journal.pone.0046696","Wrote the paper","IV"
"671","10.1371/journal.pone.0046696","Wrote the paper","LAD"
"672","10.1371/journal.pone.0046696","Wrote the paper","JIS"
"673","10.1371/journal.pone.0046696","Wrote the paper","GJB"
"674","10.1371/journal.pone.0046696","Wrote the paper","YG"
"675","10.1371/journal.pone.0012405","Conceived and designed the experiments","DBR"
"676","10.1371/journal.pone.0012405","Conceived and designed the experiments","TC"
"677","10.1371/journal.pone.0012405","Conceived and designed the experiments","YWH"
"678","10.1371/journal.pone.0012405","Conceived and designed the experiments","GPN"
"679","10.1371/journal.pone.0012405","Conceived and designed the experiments","WF"
"680","10.1371/journal.pone.0012405","Performed the experiments","DBR"
"681","10.1371/journal.pone.0012405","Performed the experiments","TC"
"682","10.1371/journal.pone.0012405","Performed the experiments","YWH"
"683","10.1371/journal.pone.0012405","Analyzed the data","DBR"
"684","10.1371/journal.pone.0012405","Analyzed the data","SP"
"685","10.1371/journal.pone.0012405","Analyzed the data","GPN"
"686","10.1371/journal.pone.0012405","Analyzed the data","AC"
"687","10.1371/journal.pone.0012405","Analyzed the data","WF"
"688","10.1371/journal.pone.0012405","Contributed reagents/materials/analysis tools","MM"
"689","10.1371/journal.pone.0012405","Wrote the paper","DBR"
"690","10.1371/journal.pone.0012405","Wrote the paper","SP"
"691","10.1371/journal.pone.0012405","Wrote the paper","GPN"
"692","10.1371/journal.pone.0012405","Wrote the paper","AC"
"693","10.1371/journal.pone.0012405","Wrote the paper","MM"
"694","10.1371/journal.pone.0012405","Wrote the paper","WF"
"695","10.1371/journal.pone.0035260","Conceived and designed the experiments","VGR"
"696","10.1371/journal.pone.0035260","Conceived and designed the experiments","PV"
"697","10.1371/journal.pone.0035260","Performed the experiments","PV"
"698","10.1371/journal.pone.0035260","Performed the experiments","MS"
"699","10.1371/journal.pone.0035260","Analyzed the data","PV"
"700","10.1371/journal.pone.0035260","Analyzed the data","VGR"
"701","10.1371/journal.pone.0035260","Contributed reagents/materials/analysis tools","VGR"
"702","10.1371/journal.pone.0035260","Contributed reagents/materials/analysis tools","JS"
"703","10.1371/journal.pone.0035260","Wrote the paper","PV"
"704","10.1371/journal.pone.0035260","Wrote the paper","VGR"
"705","10.1371/journal.pone.0003843","Conceived and designed the experiments","CTY"
"706","10.1371/journal.pone.0003843","Conceived and designed the experiments","DO"
"707","10.1371/journal.pone.0003843","Conceived and designed the experiments","JNM"
"708","10.1371/journal.pone.0003843","Conceived and designed the experiments","VO"
"709","10.1371/journal.pone.0003843","Conceived and designed the experiments","SK"
"710","10.1371/journal.pone.0003843","Performed the experiments","KKWK"
"711","10.1371/journal.pone.0003843","Performed the experiments","DO"
"712","10.1371/journal.pone.0003843","Performed the experiments","VO"
"713","10.1371/journal.pone.0003843","Performed the experiments","SK"
"714","10.1371/journal.pone.0003843","Analyzed the data","CTY"
"715","10.1371/journal.pone.0003843","Analyzed the data","MWA"
"716","10.1371/journal.pone.0003843","Analyzed the data","CEF"
"717","10.1371/journal.pone.0003843","Contributed reagents/materials/analysis tools","MWA"
"718","10.1371/journal.pone.0003843","Contributed reagents/materials/analysis tools","CEF"
"719","10.1371/journal.pone.0003843","Contributed reagents/materials/analysis tools","BSM"
"720","10.1371/journal.pone.0003843","Wrote the paper","CTY"
"721","10.1371/journal.pone.0003843","Wrote the paper","MWA"
"722","10.1371/journal.pone.0003843","Wrote the paper","CEF"
"723","10.1371/journal.pone.0003843","Wrote the paper","BSM"
"724","10.1371/journal.pone.0003843","Wrote the paper","PB"
"725","10.1371/journal.pone.0003843","Wrote the paper","KKWK"
"726","10.1371/journal.pone.0003843","Wrote the paper","DO"
"727","10.1371/journal.pone.0003843","Wrote the paper","JNM"
"728","10.1371/journal.pone.0003843","Wrote the paper","MCB"
"729","10.1371/journal.pone.0003843","Wrote the paper","VO"
"730","10.1371/journal.pone.0003843","Wrote the paper","SK"
"732","10.1371/journal.pone.0003841","Conceived and designed the experiments","YiL"
"733","10.1371/journal.pone.0003841","Conceived and designed the experiments","GSD"
"734","10.1371/journal.pone.0003841","Conceived and designed the experiments","LZ"
"735","10.1371/journal.pone.0003841","Conceived and designed the experiments","TT"
"736","10.1371/journal.pone.0003841","Conceived and designed the experiments","MS"
"737","10.1371/journal.pone.0003841","Conceived and designed the experiments","ZCX"
"738","10.1371/journal.pone.0003841","Performed the experiments","YiL"
"739","10.1371/journal.pone.0003841","Performed the experiments","GzW"
"740","10.1371/journal.pone.0003841","Performed the experiments","GL"
"741","10.1371/journal.pone.0003841","Performed the experiments","LS"
"742","10.1371/journal.pone.0003841","Analyzed the data","YiL"
"743","10.1371/journal.pone.0003841","Analyzed the data","GzW"
"744","10.1371/journal.pone.0003841","Analyzed the data","LZ"
"745","10.1371/journal.pone.0003841","Analyzed the data","LS"
"746","10.1371/journal.pone.0003841","Analyzed the data","ZCX"
"747","10.1371/journal.pone.0003841","Contributed reagents/materials/analysis tools","GSD"
"748","10.1371/journal.pone.0003841","Contributed reagents/materials/analysis tools","SsC"
"749","10.1371/journal.pone.0003841","Contributed reagents/materials/analysis tools","TT"
"750","10.1371/journal.pone.0003841","Contributed reagents/materials/analysis tools","LS"
"751","10.1371/journal.pone.0003841","Contributed reagents/materials/analysis tools","MS"
"752","10.1371/journal.pone.0003841","Contributed reagents/materials/analysis tools","ZCX"
"753","10.1371/journal.pone.0003841","Wrote the paper","YiL"
"754","10.1371/journal.pone.0003841","Wrote the paper","GSD"
"755","10.1371/journal.pone.0003841","Wrote the paper","GL"
"756","10.1371/journal.pone.0003841","Wrote the paper","MS"
"757","10.1371/journal.pone.0003841","Wrote the paper","ZCX"
"758","10.1371/journal.pone.0046709","Conceived and designed the experiments","AR"
"759","10.1371/journal.pone.0046709","Conceived and designed the experiments","SNW"
"760","10.1371/journal.pone.0046709","Conceived and designed the experiments","EMB"
"761","10.1371/journal.pone.0046709","Conceived and designed the experiments","HLP"
"762","10.1371/journal.pone.0046709","Conceived and designed the experiments","KCO"
"763","10.1371/journal.pone.0046709","Performed the experiments","AR"
"764","10.1371/journal.pone.0046709","Performed the experiments","SNW"
"765","10.1371/journal.pone.0046709","Performed the experiments","ES"
"766","10.1371/journal.pone.0046709","Performed the experiments","EMB"
"767","10.1371/journal.pone.0046709","Performed the experiments","KCO"
"768","10.1371/journal.pone.0046709","Analyzed the data","AR"
"769","10.1371/journal.pone.0046709","Analyzed the data","ES"
"770","10.1371/journal.pone.0046709","Analyzed the data","HLP"
"771","10.1371/journal.pone.0046709","Analyzed the data","EMB"
"772","10.1371/journal.pone.0046709","Analyzed the data","SNW"
"773","10.1371/journal.pone.0046709","Analyzed the data","KCO"
"774","10.1371/journal.pone.0046709","Contributed reagents/materials/analysis tools","RJN"
"775","10.1371/journal.pone.0046709","Contributed reagents/materials/analysis tools","JMG"
"776","10.1371/journal.pone.0046709","Contributed reagents/materials/analysis tools","QW"
"777","10.1371/journal.pone.0046709","Contributed reagents/materials/analysis tools","KJF"
"778","10.1371/journal.pone.0046709","Contributed reagents/materials/analysis tools","IEL"
"779","10.1371/journal.pone.0046709","Contributed reagents/materials/analysis tools","DBD"
"780","10.1371/journal.pone.0046709","Contributed reagents/materials/analysis tools","AAA"
"781","10.1371/journal.pone.0046709","Wrote the paper","AR"
"782","10.1371/journal.pone.0046709","Wrote the paper","SNW"
"783","10.1371/journal.pone.0046709","Wrote the paper","IEL"
"784","10.1371/journal.pone.0046709","Wrote the paper","EMB"
"785","10.1371/journal.pone.0046709","Wrote the paper","KCO"
"786","10.1371/journal.pone.0001071","Conceived and designed the experiments","FOliver"
"787","10.1371/journal.pone.0001071","Conceived and designed the experiments","FO'Valle"
"788","10.1371/journal.pone.0001071","Conceived and designed the experiments","EG"
"789","10.1371/journal.pone.0001071","Conceived and designed the experiments","MD"
"790","10.1371/journal.pone.0001071","Conceived and designed the experiments","RM"
"791","10.1371/journal.pone.0001071","Performed the experiments","FOliver"
"792","10.1371/journal.pone.0001071","Performed the experiments","FO'Valle"
"793","10.1371/journal.pone.0001071","Performed the experiments","EG"
"794","10.1371/journal.pone.0001071","Performed the experiments","RA"
"795","10.1371/journal.pone.0001071","Performed the experiments","MD"
"796","10.1371/journal.pone.0001071","Performed the experiments","RM"
"797","10.1371/journal.pone.0001071","Analyzed the data","FOliver"
"798","10.1371/journal.pone.0001071","Analyzed the data","FO'Valle"
"799","10.1371/journal.pone.0001071","Analyzed the data","EG"
"800","10.1371/journal.pone.0001071","Analyzed the data","CC"
"801","10.1371/journal.pone.0001071","Analyzed the data","MD"
"802","10.1371/journal.pone.0001071","Contributed reagents/materials/analysis tools","FOliver"
"803","10.1371/journal.pone.0001071","Contributed reagents/materials/analysis tools","CC"
"804","10.1371/journal.pone.0001071","Contributed reagents/materials/analysis tools","MD"
"805","10.1371/journal.pone.0001071","Wrote the paper","FOliver"
"806","10.1371/journal.pone.0001071","Wrote the paper","MD"
"807","10.1371/journal.pone.0006658","Conceived and designed the experiments","HK"
"808","10.1371/journal.pone.0006658","Conceived and designed the experiments","YK"
"809","10.1371/journal.pone.0006658","Performed the experiments","HK"
"810","10.1371/journal.pone.0006658","Performed the experiments","YK"
"811","10.1371/journal.pone.0006658","Analyzed the data","HK"
"812","10.1371/journal.pone.0006658","Analyzed the data","YK"
"813","10.1371/journal.pone.0006658","Wrote the paper","HK"
"814","10.1371/journal.pone.0006658","Wrote the paper","YK"
"815","10.1371/journal.pone.0000985","Conceived and designed the experiments","SG"
"816","10.1371/journal.pone.0000985","Performed the experiments","SG"
"817","10.1371/journal.pone.0000985","Analyzed the data","SG"
"818","10.1371/journal.pone.0000985","Contributed reagents/materials/analysis tools","SG"
"819","10.1371/journal.pone.0000985","Wrote the paper","SG"
"820","10.1371/journal.pntd.0000276","Conceived and designed the experiments","SEF"
"821","10.1371/journal.pntd.0000276","Conceived and designed the experiments","SD"
"822","10.1371/journal.pntd.0000276","Analyzed the data","DCM"
"823","10.1371/journal.pntd.0000276","Wrote the paper","DCM"
"824","10.1371/journal.pntd.0000269","Conceived and designed the experiments","YY"
"825","10.1371/journal.pntd.0000269","Conceived and designed the experiments","RKW"
"826","10.1371/journal.pntd.0000269","Conceived and designed the experiments","MM"
"827","10.1371/journal.pntd.0000269","Analyzed the data","YY"
"828","10.1371/journal.pntd.0000269","Analyzed the data","JM"
"829","10.1371/journal.pntd.0000269","Analyzed the data","SA"
"830","10.1371/journal.pntd.0000269","Analyzed the data","MM"
"831","10.1371/journal.pntd.0000269","Contributed reagents/materials/analysis tools","YY"
"832","10.1371/journal.pntd.0000269","Contributed reagents/materials/analysis tools","JM"
"833","10.1371/journal.pntd.0000269","Contributed reagents/materials/analysis tools","SA"
"834","10.1371/journal.pntd.0000269","Contributed reagents/materials/analysis tools","ALS"
"835","10.1371/journal.pntd.0000269","Contributed reagents/materials/analysis tools","JPM"
"836","10.1371/journal.pntd.0000269","Contributed reagents/materials/analysis tools","DJ"
"837","10.1371/journal.pntd.0000269","Wrote the paper","YY"
"838","10.1371/journal.pntd.0000269","Wrote the paper","ALS"
"839","10.1371/journal.pntd.0000269","Wrote the paper","JPM"
"840","10.1371/journal.pntd.0000269","Wrote the paper","RKW"
"841","10.1371/journal.pntd.0000269","Wrote the paper","DJ"
"842","10.1371/journal.pntd.0000269","Wrote the paper","MM"
"843","10.1371/journal.pone.0026857","Conceived and designed the experiments","SKM"
"844","10.1371/journal.pone.0026857","Performed the experiments","SKM"
"845","10.1371/journal.pone.0026857","Analyzed the data","SKM"
"846","10.1371/journal.pone.0026857","Contributed reagents/materials/analysis tools","SKM"
"847","10.1371/journal.pone.0026857","Wrote the paper","SKM"
"848","10.1371/journal.pone.0006612","Conceived and designed the experiments","IR"
"849","10.1371/journal.pone.0006612","Conceived and designed the experiments","KVS"
"850","10.1371/journal.pone.0006612","Conceived and designed the experiments","GLY"
"851","10.1371/journal.pone.0006612","Conceived and designed the experiments","THL"
"852","10.1371/journal.pone.0006612","Conceived and designed the experiments","WZ"
"853","10.1371/journal.pone.0006612","Performed the experiments","IR"
"854","10.1371/journal.pone.0006612","Performed the experiments","KVS"
"855","10.1371/journal.pone.0006612","Performed the experiments","GLY"
"856","10.1371/journal.pone.0006612","Performed the experiments","CyW"
"857","10.1371/journal.pone.0006612","Performed the experiments","MM"
"858","10.1371/journal.pone.0006612","Analyzed the data","IR"
"859","10.1371/journal.pone.0006612","Analyzed the data","KVS"
"860","10.1371/journal.pone.0006612","Analyzed the data","GLY"
"861","10.1371/journal.pone.0006612","Analyzed the data","CyW"
"862","10.1371/journal.pone.0006612","Analyzed the data","MM"
"863","10.1371/journal.pone.0006612","Analyzed the data","WZ"
"864","10.1371/journal.pone.0006612","Contributed reagents/materials/analysis tools","IR"
"865","10.1371/journal.pone.0006612","Contributed reagents/materials/analysis tools","KVS"
"866","10.1371/journal.pone.0006612","Contributed reagents/materials/analysis tools","GLY"
"867","10.1371/journal.pone.0006612","Contributed reagents/materials/analysis tools","CF"
"868","10.1371/journal.pone.0006612","Contributed reagents/materials/analysis tools","THL"
"869","10.1371/journal.pone.0006612","Contributed reagents/materials/analysis tools","WZ"
"870","10.1371/journal.pone.0006612","Wrote the paper","IR"
"871","10.1371/journal.pone.0006612","Wrote the paper","KVS"
"872","10.1371/journal.pone.0006612","Wrote the paper","GLY"
"873","10.1371/journal.pone.0006612","Wrote the paper","CF"
"874","10.1371/journal.pone.0006612","Wrote the paper","THL"
"875","10.1371/journal.pone.0006612","Wrote the paper","WZ"
"876","10.1371/journal.pone.0000979","Conceived and designed the experiments","MA"
"877","10.1371/journal.pone.0000979","Conceived and designed the experiments","DH"
"878","10.1371/journal.pone.0000979","Performed the experiments","MA"
"879","10.1371/journal.pone.0000979","Performed the experiments","LE"
"880","10.1371/journal.pone.0000979","Analyzed the data","MA"
"881","10.1371/journal.pone.0000979","Analyzed the data","DH"
"882","10.1371/journal.pone.0000979","Contributed reagents/materials/analysis tools","MA"
"883","10.1371/journal.pone.0000979","Contributed reagents/materials/analysis tools","LE"
"884","10.1371/journal.pone.0000979","Contributed reagents/materials/analysis tools","HS"
"885","10.1371/journal.pone.0000979","Wrote the paper","MA"
"886","10.1371/journal.pone.0000979","Wrote the paper","LE"
"887","10.1371/journal.pone.0000979","Wrote the paper","DH"
"888","10.1371/journal.pone.0000983","Conceived and designed the experiments","SG"
"889","10.1371/journal.pone.0000983","Conceived and designed the experiments","XW"
"890","10.1371/journal.pone.0000983","Conceived and designed the experiments","AN"
"891","10.1371/journal.pone.0000983","Analyzed the data","XW"
"892","10.1371/journal.pone.0000983","Analyzed the data","AN"
"893","10.1371/journal.pone.0000983","Contributed reagents/materials/analysis tools","AN"
"894","10.1371/journal.pone.0000983","Wrote the paper","SG"
"895","10.1371/journal.pone.0000983","Wrote the paper","XW"
"896","10.1371/journal.pone.0000983","Wrote the paper","AN"
"897","10.1371/journal.pone.0012378","Conceived and designed the experiments","CRL"
"898","10.1371/journal.pone.0012378","Conceived and designed the experiments","FB"
"899","10.1371/journal.pone.0012378","Performed the experiments","CRL"
"900","10.1371/journal.pone.0012378","Performed the experiments","FB"
"901","10.1371/journal.pone.0012378","Performed the experiments","SAR"
"902","10.1371/journal.pone.0012378","Performed the experiments","MJL"
"903","10.1371/journal.pone.0012378","Analyzed the data","CRL"
"904","10.1371/journal.pone.0012378","Analyzed the data","EFV"
"905","10.1371/journal.pone.0012378","Analyzed the data","NR"
"906","10.1371/journal.pone.0012378","Analyzed the data","NP"
"907","10.1371/journal.pone.0012378","Analyzed the data","FB"
"908","10.1371/journal.pone.0012378","Contributed reagents/materials/analysis tools","EFV"
"909","10.1371/journal.pone.0012378","Contributed reagents/materials/analysis tools","NR"
"910","10.1371/journal.pone.0012378","Contributed reagents/materials/analysis tools","NP"
"911","10.1371/journal.pone.0012378","Contributed reagents/materials/analysis tools","FB"
"912","10.1371/journal.pone.0012378","Wrote the paper","CRL"
"913","10.1371/journal.pone.0012378","Wrote the paper","FB"
"914","10.1371/journal.pone.0000990","Wrote the paper","DW"
"915","10.1371/journal.pone.0000990","Wrote the paper","NK"
"918","10.1371/journal.pone.0000988","Conceived and designed the experiments","EM"
"919","10.1371/journal.pone.0000988","Conceived and designed the experiments","IL"
"920","10.1371/journal.pone.0000988","Conceived and designed the experiments","ZL"
"921","10.1371/journal.pone.0000988","Performed the experiments","IL"
"922","10.1371/journal.pone.0000988","Performed the experiments","ZL"
"923","10.1371/journal.pone.0000988","Analyzed the data","IL"
"924","10.1371/journal.pone.0000988","Wrote the paper","EM"
"925","10.1371/journal.pone.0000988","Wrote the paper","IL"
"926","10.1371/journal.pone.0060748","Conceived and designed the experiments","MAG"
"927","10.1371/journal.pone.0060748","Conceived and designed the experiments","WTM"
"928","10.1371/journal.pone.0060748","Performed the experiments","MAG"
"929","10.1371/journal.pone.0060748","Analyzed the data","MAG"
"930","10.1371/journal.pone.0060748","Analyzed the data","WTM"
"931","10.1371/journal.pone.0060748","Contributed reagents/materials/analysis tools","MAG"
"932","10.1371/journal.pone.0060748","Contributed reagents/materials/analysis tools","WTM"
"933","10.1371/journal.pone.0060748","Wrote the paper","MAG"
"934","10.1371/journal.pone.0060748","Wrote the paper","WTM"
"935","10.1371/journal.pone.0003797","Conceived and designed the experiments","SK"
"936","10.1371/journal.pone.0003797","Conceived and designed the experiments","CM"
"937","10.1371/journal.pone.0003797","Conceived and designed the experiments","CK"
"938","10.1371/journal.pone.0003797","Conceived and designed the experiments","SS"
"939","10.1371/journal.pone.0003797","Performed the experiments","SK"
"940","10.1371/journal.pone.0003797","Performed the experiments","CM"
"941","10.1371/journal.pone.0003797","Performed the experiments","CK"
"942","10.1371/journal.pone.0003797","Analyzed the data","SK"
"943","10.1371/journal.pone.0003797","Analyzed the data","CM"
"944","10.1371/journal.pone.0003797","Analyzed the data","XD"
"945","10.1371/journal.pone.0003797","Analyzed the data","DF"
"946","10.1371/journal.pone.0003797","Analyzed the data","CK"
"947","10.1371/journal.pone.0003797","Analyzed the data","SS"
"948","10.1371/journal.pone.0003797","Wrote the paper","SK"
"949","10.1371/journal.pone.0003797","Wrote the paper","CM"
"950","10.1371/journal.pone.0003797","Wrote the paper","XD"
"951","10.1371/journal.pone.0003797","Wrote the paper","SS"
"952","10.1371/journal.pone.0000995","Conceived and designed the experiments","AG"
"953","10.1371/journal.pone.0000995","Performed the experiments","AG"
"954","10.1371/journal.pone.0000995","Analyzed the data","AG"
"955","10.1371/journal.pone.0000995","Contributed reagents/materials/analysis tools","AG"
"956","10.1371/journal.pone.0000995","Wrote the paper","AG"
"957","10.1371/journal.pone.0003798","Conceived and designed the experiments","GFG"
"958","10.1371/journal.pone.0003798","Performed the experiments","GFG"
"959","10.1371/journal.pone.0003798","Analyzed the data","GFG"
"960","10.1371/journal.pone.0003798","Contributed reagents/materials/analysis tools","GFG"
"961","10.1371/journal.pone.0003798","Wrote the paper","GFG"
"962","10.1371/journal.pone.0015444","Conceived and designed the experiments","SK"
"963","10.1371/journal.pone.0015444","Conceived and designed the experiments","EB"
"964","10.1371/journal.pone.0015444","Conceived and designed the experiments","JH"
"965","10.1371/journal.pone.0015444","Performed the experiments","SK"
"966","10.1371/journal.pone.0015444","Performed the experiments","MM"
"967","10.1371/journal.pone.0015444","Performed the experiments","KH"
"968","10.1371/journal.pone.0015444","Performed the experiments","EB"
"969","10.1371/journal.pone.0015444","Performed the experiments","JH"
"970","10.1371/journal.pone.0015444","Analyzed the data","JH"
"971","10.1371/journal.pone.0015444","Contributed reagents/materials/analysis tools","KH"
"972","10.1371/journal.pone.0015444","Contributed reagents/materials/analysis tools","EB"
"973","10.1371/journal.pone.0015444","Contributed reagents/materials/analysis tools","JH"
"974","10.1371/journal.pone.0015444","Wrote the paper","SK"
"975","10.1371/journal.pone.0015444","Wrote the paper","MM"
"976","10.1371/journal.pone.0015444","Wrote the paper","KH"
"977","10.1371/journal.pone.0015444","Wrote the paper","EB"
"978","10.1371/journal.pone.0015444","Wrote the paper","JH"
"979","10.1371/journal.pone.0006603","Conceived and designed the experiments","SM"
"980","10.1371/journal.pone.0006603","Conceived and designed the experiments","SS"
"981","10.1371/journal.pone.0006603","Conceived and designed the experiments","MCC"
"982","10.1371/journal.pone.0006603","Conceived and designed the experiments","CG"
"983","10.1371/journal.pone.0006603","Performed the experiments","SM"
"984","10.1371/journal.pone.0006603","Performed the experiments","CL"
"985","10.1371/journal.pone.0006603","Performed the experiments","ST"
"986","10.1371/journal.pone.0006603","Performed the experiments","AA"
"987","10.1371/journal.pone.0006603","Analyzed the data","SM"
"988","10.1371/journal.pone.0006603","Analyzed the data","CL"
"989","10.1371/journal.pone.0006603","Analyzed the data","ST"
"990","10.1371/journal.pone.0006603","Analyzed the data","AA"
"991","10.1371/journal.pone.0006603","Analyzed the data","SS"
"992","10.1371/journal.pone.0006603","Analyzed the data","MCC"
"993","10.1371/journal.pone.0006603","Analyzed the data","CG"
"994","10.1371/journal.pone.0006603","Contributed reagents/materials/analysis tools","SS"
"995","10.1371/journal.pone.0006603","Wrote the paper","SS"
"996","10.1371/journal.pone.0006603","Wrote the paper","MCC"
"997","10.1371/journal.pone.0006603","Wrote the paper","CG"
"998","10.1371/journal.pone.0040922","Conceived and designed the experiments","KK"
"999","10.1371/journal.pone.0040922","Conceived and designed the experiments","HS"
"1000","10.1371/journal.pone.0040922","Conceived and designed the experiments","NS"
"1001","10.1371/journal.pone.0040922","Conceived and designed the experiments","OS"
"1002","10.1371/journal.pone.0040922","Conceived and designed the experiments","JE"
"1003","10.1371/journal.pone.0040922","Conceived and designed the experiments","MH"
"1004","10.1371/journal.pone.0040922","Performed the experiments","KS"
"1005","10.1371/journal.pone.0040922","Performed the experiments","NK"
"1006","10.1371/journal.pone.0040922","Analyzed the data","OS"
"1007","10.1371/journal.pone.0040922","Contributed reagents/materials/analysis tools","J"
"1031","10.1371/journal.pone.0040927","Conceived and designed the experiments","FE"
"1032","10.1371/journal.pone.0040927","Conceived and designed the experiments","PL"
"1033","10.1371/journal.pone.0040927","Conceived and designed the experiments","NB"
"1034","10.1371/journal.pone.0040927","Performed the experiments","FE"
"1035","10.1371/journal.pone.0040927","Performed the experiments","EC"
"1036","10.1371/journal.pone.0040927","Performed the experiments","PL"
"1037","10.1371/journal.pone.0040927","Analyzed the data","FE"
"1038","10.1371/journal.pone.0040927","Analyzed the data","EC"
"1039","10.1371/journal.pone.0040927","Analyzed the data","PL"
"1040","10.1371/journal.pone.0040927","Contributed reagents/materials/analysis tools","MT"
"1041","10.1371/journal.pone.0040927","Contributed reagents/materials/analysis tools","SG"
"1042","10.1371/journal.pone.0040927","Wrote the paper","FE"
"1043","10.1371/journal.pone.0040927","Wrote the paper","PL"
"1044","10.1371/journal.pone.0006620","Conceived and designed the experiments","SJvH"
"1045","10.1371/journal.pone.0006620","Conceived and designed the experiments","CCB"
"1046","10.1371/journal.pone.0006620","Conceived and designed the experiments","VS"
"1047","10.1371/journal.pone.0006620","Conceived and designed the experiments","DED"
"1048","10.1371/journal.pone.0006620","Performed the experiments","SJvH"
"1049","10.1371/journal.pone.0006620","Performed the experiments","VS"
"1050","10.1371/journal.pone.0006620","Analyzed the data","SJvH"
"1051","10.1371/journal.pone.0006620","Analyzed the data","HF"
"1052","10.1371/journal.pone.0006620","Analyzed the data","CCB"
"1053","10.1371/journal.pone.0006620","Contributed reagents/materials/analysis tools","KM"
"1054","10.1371/journal.pone.0006620","Wrote the paper","SJvH"
"1055","10.1371/journal.pone.0006620","Wrote the paper","HF"
"1056","10.1371/journal.pone.0006620","Wrote the paper","CCB"
"1057","10.1371/journal.pone.0006620","Wrote the paper","KM"
"1058","10.1371/journal.pone.0006620","Wrote the paper","PA"
"1059","10.1371/journal.pone.0006620","Wrote the paper","VS"
"1060","10.1371/journal.pone.0006620","Wrote the paper","DED"
"1061","10.1371/journal.pone.0052286","Conceived and designed the experiments","JTF"
"1062","10.1371/journal.pone.0052286","Conceived and designed the experiments","PYC"
"1063","10.1371/journal.pone.0052286","Performed the experiments","PYC"
"1064","10.1371/journal.pone.0052286","Analyzed the data","PYC"
"1065","10.1371/journal.pone.0052286","Contributed reagents/materials/analysis tools","PYC"
"1066","10.1371/journal.pone.0052286","Wrote the paper","PYC"
"1067","10.1371/journal.pone.0052286","Wrote the paper","JTF"
"1068","10.1371/journal.pone.0003803","Conceived and designed the experiments","KBC"
"1069","10.1371/journal.pone.0003803","Performed the experiments","KBC"
"1070","10.1371/journal.pone.0003803","Performed the experiments","KV"
"1071","10.1371/journal.pone.0003803","Performed the experiments","GC"
"1072","10.1371/journal.pone.0003803","Performed the experiments","JR"
"1073","10.1371/journal.pone.0003803","Performed the experiments","JAM"
"1074","10.1371/journal.pone.0003803","Performed the experiments","MY"
"1075","10.1371/journal.pone.0003803","Analyzed the data","KBC"
"1076","10.1371/journal.pone.0003803","Analyzed the data","KV"
"1077","10.1371/journal.pone.0003803","Analyzed the data","GC"
"1078","10.1371/journal.pone.0003803","Analyzed the data","HST"
"1079","10.1371/journal.pone.0003803","Analyzed the data","JAM"
"1080","10.1371/journal.pone.0003803","Analyzed the data","MY"
"1081","10.1371/journal.pone.0003803","Analyzed the data","LW"
"1082","10.1371/journal.pone.0003803","Contributed reagents/materials/analysis tools","HST"
"1083","10.1371/journal.pone.0003803","Contributed reagents/materials/analysis tools","SS"
"1084","10.1371/journal.pone.0003803","Wrote the paper","KBC"
"1085","10.1371/journal.pone.0003803","Wrote the paper","LW"
"1086","10.1371/journal.pone.0006623","Conceived and designed the experiments","SO"
"1087","10.1371/journal.pone.0006623","Conceived and designed the experiments","TPH"
"1088","10.1371/journal.pone.0006623","Performed the experiments","SO"
"1089","10.1371/journal.pone.0006623","Analyzed the data","SO"
"1090","10.1371/journal.pone.0006623","Contributed reagents/materials/analysis tools","SO"
"1091","10.1371/journal.pone.0006623","Wrote the paper","SO"
"1092","10.1371/journal.pone.0006623","Wrote the paper","TPH"
"1093","10.1371/journal.pone.0018091","Conceived and designed the experiments","SS"
"1094","10.1371/journal.pone.0018091","Conceived and designed the experiments","IVU"
"1095","10.1371/journal.pone.0018091","Conceived and designed the experiments","MSL"
"1096","10.1371/journal.pone.0018091","Performed the experiments","SS"
"1097","10.1371/journal.pone.0018091","Performed the experiments","IVU"
"1098","10.1371/journal.pone.0018091","Performed the experiments","BT"
"1099","10.1371/journal.pone.0018091","Performed the experiments","AUA"
"1100","10.1371/journal.pone.0018091","Analyzed the data","SS"
"1101","10.1371/journal.pone.0018091","Contributed reagents/materials/analysis tools","SS"
"1102","10.1371/journal.pone.0018091","Contributed reagents/materials/analysis tools","IVU"
"1103","10.1371/journal.pone.0018091","Contributed reagents/materials/analysis tools","AUA"
"1104","10.1371/journal.pone.0018091","Wrote the paper","SS"
"1105","10.1371/journal.pone.0018091","Wrote the paper","MSL"
"1106","10.1371/journal.pone.0040930","Conceived and designed the experiments","LNY"
"1107","10.1371/journal.pone.0040930","Conceived and designed the experiments","XLZ"
"1108","10.1371/journal.pone.0040930","Conceived and designed the experiments","MY"
"1109","10.1371/journal.pone.0040930","Performed the experiments","LNY"
"1110","10.1371/journal.pone.0040930","Performed the experiments","XLZ"
"1111","10.1371/journal.pone.0040930","Performed the experiments","JY"
"1112","10.1371/journal.pone.0040930","Performed the experiments","HH"
"1113","10.1371/journal.pone.0040930","Performed the experiments","LSJ"
"1114","10.1371/journal.pone.0040930","Performed the experiments","FJZ"
"1115","10.1371/journal.pone.0040930","Analyzed the data","LNY"
"1116","10.1371/journal.pone.0040930","Analyzed the data","XLZ"
"1117","10.1371/journal.pone.0040930","Analyzed the data","JY"
"1118","10.1371/journal.pone.0040930","Contributed reagents/materials/analysis tools","LNY"
"1119","10.1371/journal.pone.0040930","Contributed reagents/materials/analysis tools","XLZ"
"1120","10.1371/journal.pone.0040930","Contributed reagents/materials/analysis tools","JY"
"1121","10.1371/journal.pone.0040930","Contributed reagents/materials/analysis tools","JLC"
"1122","10.1371/journal.pone.0040930","Contributed reagents/materials/analysis tools","MY"
"1123","10.1371/journal.pone.0040930","Wrote the paper","LNY"
"1124","10.1371/journal.pone.0040930","Wrote the paper","XLZ"
"1125","10.1371/journal.pone.0040930","Wrote the paper","MY"
"1126","10.1371/journal.pone.0018092","Conceived and designed the experiments","HK"
"1127","10.1371/journal.pone.0018092","Conceived and designed the experiments","H-BL"
"1128","10.1371/journal.pone.0018092","Performed the experiments","JH"
"1129","10.1371/journal.pone.0018092","Performed the experiments","JX"
"1130","10.1371/journal.pone.0018092","Performed the experiments","ML"
"1131","10.1371/journal.pone.0018092","Performed the experiments","RZ"
"1132","10.1371/journal.pone.0018092","Performed the experiments","H-BL"
"1133","10.1371/journal.pone.0018092","Analyzed the data","JH"
"1134","10.1371/journal.pone.0018092","Analyzed the data","JX"
"1135","10.1371/journal.pone.0018092","Analyzed the data","ML"
"1136","10.1371/journal.pone.0018092","Analyzed the data","RZ"
"1137","10.1371/journal.pone.0018092","Analyzed the data","H-BL"
"1138","10.1371/journal.pone.0018092","Analyzed the data","HK"
"1139","10.1371/journal.pone.0018092","Contributed reagents/materials/analysis tools","JH"
"1140","10.1371/journal.pone.0018092","Contributed reagents/materials/analysis tools","JX"
"1141","10.1371/journal.pone.0018092","Contributed reagents/materials/analysis tools","ML"
"1142","10.1371/journal.pone.0018092","Contributed reagents/materials/analysis tools","RZ"
"1143","10.1371/journal.pone.0018092","Contributed reagents/materials/analysis tools","H-BL"
"1144","10.1371/journal.pone.0018092","Wrote the paper","JH"
"1145","10.1371/journal.pone.0018092","Wrote the paper","H-BL"
"1146","10.1371/journal.pone.0018092","Wrote the paper","HK"
"1147","10.1371/journal.pone.0040931","Conceived and designed the experiments","UP"
"1148","10.1371/journal.pone.0040931","Conceived and designed the experiments","MM"
"1149","10.1371/journal.pone.0040931","Conceived and designed the experiments","DGD"
"1150","10.1371/journal.pone.0040931","Conceived and designed the experiments","GA"
"1151","10.1371/journal.pone.0040931","Conceived and designed the experiments","SDK"
"1152","10.1371/journal.pone.0040931","Conceived and designed the experiments","YS"
"1153","10.1371/journal.pone.0040931","Conceived and designed the experiments","TP"
"1154","10.1371/journal.pone.0040931","Performed the experiments","MM"
"1155","10.1371/journal.pone.0040931","Performed the experiments","HW"
"1156","10.1371/journal.pone.0040931","Performed the experiments","AB"
"1157","10.1371/journal.pone.0040931","Performed the experiments","TP"
"1158","10.1371/journal.pone.0040931","Analyzed the data","MM"
"1159","10.1371/journal.pone.0040931","Analyzed the data","UP"
"1160","10.1371/journal.pone.0040931","Analyzed the data","YS"
"1161","10.1371/journal.pone.0040931","Analyzed the data","GA"
"1162","10.1371/journal.pone.0040931","Analyzed the data","TP"
"1163","10.1371/journal.pone.0040931","Contributed reagents/materials/analysis tools","GA"
"1164","10.1371/journal.pone.0040931","Contributed reagents/materials/analysis tools","SDK"
"1165","10.1371/journal.pone.0040931","Contributed reagents/materials/analysis tools","DGD"
"1166","10.1371/journal.pone.0040931","Contributed reagents/materials/analysis tools","IK"
"1167","10.1371/journal.pone.0040931","Contributed reagents/materials/analysis tools","UP"
"1168","10.1371/journal.pone.0040931","Contributed reagents/materials/analysis tools","TP"
"1169","10.1371/journal.pone.0040931","Wrote the paper","MM"
"1170","10.1371/journal.pone.0040931","Wrote the paper","UP"
"1171","10.1371/journal.pone.0006597","Conceived and designed the experiments","ST"
"1172","10.1371/journal.pone.0006597","Conceived and designed the experiments","ECJ"
"1173","10.1371/journal.pone.0006597","Conceived and designed the experiments","GAR"
"1174","10.1371/journal.pone.0006597","Performed the experiments","ST"
"1175","10.1371/journal.pone.0006597","Performed the experiments","ECJ"
"1176","10.1371/journal.pone.0006597","Performed the experiments","EYE"
"1177","10.1371/journal.pone.0006597","Analyzed the data","ST"
"1178","10.1371/journal.pone.0006597","Analyzed the data","ECJ"
"1179","10.1371/journal.pone.0006597","Wrote the paper","ST"
"1180","10.1371/journal.pone.0006597","Wrote the paper","ECJ"
"1181","10.1371/journal.pone.0006597","Wrote the paper","GAR"
"1182","10.1371/journal.pone.0040917","Conceived and designed the experiments","NJ"
"1183","10.1371/journal.pone.0040917","Conceived and designed the experiments","MAC"
"1184","10.1371/journal.pone.0040917","Conceived and designed the experiments","MS"
"1185","10.1371/journal.pone.0040917","Conceived and designed the experiments","JJF"
"1186","10.1371/journal.pone.0040917","Conceived and designed the experiments","SP"
"1187","10.1371/journal.pone.0040917","Conceived and designed the experiments","EY"
"1188","10.1371/journal.pone.0040917","Conceived and designed the experiments","MDK"
"1189","10.1371/journal.pone.0040917","Conceived and designed the experiments","CE"
"1190","10.1371/journal.pone.0040917","Conceived and designed the experiments","HHT"
"1191","10.1371/journal.pone.0040917","Analyzed the data","NJ"
"1192","10.1371/journal.pone.0040917","Analyzed the data","MAC"
"1193","10.1371/journal.pone.0040917","Analyzed the data","WL"
"1194","10.1371/journal.pone.0040917","Analyzed the data","HHT"
"1195","10.1371/journal.pone.0040917","Wrote the paper","NJ"
"1196","10.1371/journal.pone.0040917","Wrote the paper","MAC"
"1197","10.1371/journal.pone.0040917","Wrote the paper","HHT"
"1209","10.1371/journal.pone.0009495","Conceived and designed the experiments","YL"
"1210","10.1371/journal.pone.0009495","Conceived and designed the experiments","WT"
"1211","10.1371/journal.pone.0009495","Conceived and designed the experiments","ML"
"1212","10.1371/journal.pone.0009495","Conceived and designed the experiments","AL"
"1213","10.1371/journal.pone.0009495","Conceived and designed the experiments","RW"
"1214","10.1371/journal.pone.0009495","Performed the experiments","YL"
"1215","10.1371/journal.pone.0009495","Performed the experiments","LL"
"1216","10.1371/journal.pone.0009495","Performed the experiments","DH"
"1217","10.1371/journal.pone.0009495","Performed the experiments","KK"
"1218","10.1371/journal.pone.0009495","Performed the experiments","PS"
"1219","10.1371/journal.pone.0009495","Performed the experiments","RW"
"1220","10.1371/journal.pone.0009495","Analyzed the data","YL"
"1221","10.1371/journal.pone.0009495","Analyzed the data","WT"
"1222","10.1371/journal.pone.0009495","Analyzed the data","LL"
"1223","10.1371/journal.pone.0009495","Analyzed the data","DH"
"1224","10.1371/journal.pone.0009495","Analyzed the data","KK"
"1225","10.1371/journal.pone.0009495","Analyzed the data","PS"
"1226","10.1371/journal.pone.0009495","Analyzed the data","ML"
"1227","10.1371/journal.pone.0009495","Analyzed the data","RW"
"1228","10.1371/journal.pone.0009495","Wrote the paper","YL"
"1229","10.1371/journal.pone.0009495","Wrote the paper","WT"
"1230","10.1371/journal.pone.0009495","Wrote the paper","ML"
"1231","10.1371/journal.pone.0009495","Wrote the paper","AL"
"1232","10.1371/journal.pone.0009495","Wrote the paper","RW"
"1233","10.1371/journal.pone.0058133","Conceived and designed the experiments","LWL"
"1234","10.1371/journal.pone.0058133","Conceived and designed the experiments","ESX"
"1235","10.1371/journal.pone.0058133","Conceived and designed the experiments","ZKC"
"1236","10.1371/journal.pone.0058133","Performed the experiments","HFW"
"1237","10.1371/journal.pone.0058133","Performed the experiments","JH"
"1238","10.1371/journal.pone.0058133","Performed the experiments","ZKC"
"1239","10.1371/journal.pone.0058133","Analyzed the data","XJZ"
"1240","10.1371/journal.pone.0058133","Contributed reagents/materials/analysis tools","JY"
"1241","10.1371/journal.pone.0058133","Contributed reagents/materials/analysis tools","ZKC"
"1242","10.1371/journal.pone.0058133","Wrote the paper","HFW"
"1243","10.1371/journal.pone.0058133","Wrote the paper","ZKC"
"1244","10.1371/journal.pone.0003788","Conceived and designed the experiments","US"
"1245","10.1371/journal.pone.0003788","Performed the experiments","AS"
"1246","10.1371/journal.pone.0003788","Performed the experiments","PR"
"1247","10.1371/journal.pone.0003788","Performed the experiments","NK"
"1248","10.1371/journal.pone.0003788","Performed the experiments","MM"
"1249","10.1371/journal.pone.0003788","Analyzed the data","AS"
"1250","10.1371/journal.pone.0003788","Analyzed the data","DS"
"1251","10.1371/journal.pone.0003788","Analyzed the data","MM"
"1252","10.1371/journal.pone.0003788","Analyzed the data","JH"
"1253","10.1371/journal.pone.0003788","Analyzed the data","US"
"1254","10.1371/journal.pone.0003788","Contributed reagents/materials/analysis tools","DS"
"1255","10.1371/journal.pone.0003788","Contributed reagents/materials/analysis tools","JH"
"1256","10.1371/journal.pone.0003788","Wrote the paper","US"
"1258","10.1371/journal.pone.0009497","Conceived and designed the experiments","GS"
"1259","10.1371/journal.pone.0009497","Conceived and designed the experiments","MPC"
"1260","10.1371/journal.pone.0009497","Performed the experiments","GS"
"1261","10.1371/journal.pone.0009497","Analyzed the data","GS"
"1262","10.1371/journal.pone.0009497","Contributed reagents/materials/analysis tools","MPC"
"1263","10.1371/journal.pone.0009497","Contributed reagents/materials/analysis tools","RM"
"1264","10.1371/journal.pone.0009497","Wrote the paper","GS"
"1265","10.1371/journal.pone.0009497","Wrote the paper","MPC"
"1266","10.1371/journal.pone.0009497","Wrote the paper","RM"
"1267","10.1371/journal.pone.0066561","Conceived and designed the experiments","AC"
"1268","10.1371/journal.pone.0066561","Conceived and designed the experiments","OV"
"1269","10.1371/journal.pone.0066561","Conceived and designed the experiments","AL"
"1270","10.1371/journal.pone.0066561","Conceived and designed the experiments","VM"
"1271","10.1371/journal.pone.0066561","Performed the experiments","AC"
"1272","10.1371/journal.pone.0066561","Performed the experiments","OV"
"1273","10.1371/journal.pone.0066561","Performed the experiments","PG"
"1274","10.1371/journal.pone.0066561","Performed the experiments","CF"
"1275","10.1371/journal.pone.0066561","Performed the experiments","AP"
"1276","10.1371/journal.pone.0066561","Analyzed the data","AC"
"1277","10.1371/journal.pone.0066561","Analyzed the data","OV"
"1278","10.1371/journal.pone.0066561","Analyzed the data","FM"
"1279","10.1371/journal.pone.0066561","Analyzed the data","AL"
"1280","10.1371/journal.pone.0066561","Analyzed the data","VM"
"1281","10.1371/journal.pone.0066561","Analyzed the data","M"
"1287","10.1371/journal.pone.0043625","Conceived and designed the experiments","HLD"
"1288","10.1371/journal.pone.0043625","Conceived and designed the experiments","GQB"
"1289","10.1371/journal.pone.0043625","Performed the experiments","XWJ"
"1290","10.1371/journal.pone.0043625","Performed the experiments","JH"
"1291","10.1371/journal.pone.0043625","Analyzed the data","HFL"
"1292","10.1371/journal.pone.0043625","Analyzed the data","XLH"
"1293","10.1371/journal.pone.0043625","Contributed reagents/materials/analysis tools","XNL"
"1294","10.1371/journal.pone.0043625","Wrote the paper","HLD"
"1295","10.1371/journal.pone.0043625","Wrote the paper","GQB"
"1296","10.1371/journal.pone.0066572","Conceived and designed the experiments","LT"
"1297","10.1371/journal.pone.0066572","Conceived and designed the experiments","SMS"
"1298","10.1371/journal.pone.0066572","Performed the experiments","JR"
"1299","10.1371/journal.pone.0066572","Performed the experiments","YZ"
"1300","10.1371/journal.pone.0066572","Analyzed the data","LT"
"1301","10.1371/journal.pone.0066572","Analyzed the data","YK"
"1302","10.1371/journal.pone.0066572","Analyzed the data","SMS"
"1303","10.1371/journal.pone.0066572","Analyzed the data","GV"
"1304","10.1371/journal.pone.0066572","Contributed reagents/materials/analysis tools","SMS"
"1305","10.1371/journal.pone.0066572","Contributed reagents/materials/analysis tools","GV"
"1306","10.1371/journal.pone.0066572","Contributed reagents/materials/analysis tools","YZ"
"1307","10.1371/journal.pone.0066572","Wrote the paper","LT"
"1308","10.1371/journal.pone.0066572","Wrote the paper","SMS"
"1309","10.1371/journal.pone.0066572","Wrote the paper","GV"
"1310","10.1371/journal.pone.0066572","Wrote the paper","YZ"
"1311","10.1371/journal.pone.0015421","Conceived and designed the experiments","LAB"
"1312","10.1371/journal.pone.0015421","Conceived and designed the experiments","WL"
"1313","10.1371/journal.pone.0015421","Conceived and designed the experiments","MK"
"1314","10.1371/journal.pone.0015421","Performed the experiments","LAB"
"1315","10.1371/journal.pone.0015421","Performed the experiments","WL"
"1316","10.1371/journal.pone.0015421","Performed the experiments","MK"
"1317","10.1371/journal.pone.0015421","Analyzed the data","LAB"
"1318","10.1371/journal.pone.0015421","Analyzed the data","WL"
"1319","10.1371/journal.pone.0015421","Analyzed the data","MK"
"1320","10.1371/journal.pone.0015421","Contributed reagents/materials/analysis tools","LAB"
"1321","10.1371/journal.pone.0015421","Contributed reagents/materials/analysis tools","WL"
"1322","10.1371/journal.pone.0015421","Contributed reagents/materials/analysis tools","MK"
"1323","10.1371/journal.pone.0015421","Wrote the paper","LAB"
"1324","10.1371/journal.pone.0015421","Wrote the paper","WL"
"1325","10.1371/journal.pone.0015421","Wrote the paper","MK"
"1326","10.1371/journal.pone.0026849","Conceived and designed the experiments","TLB"
"1327","10.1371/journal.pone.0026849","Conceived and designed the experiments","TIAS"
"1328","10.1371/journal.pone.0026849","Conceived and designed the experiments","KO"
"1329","10.1371/journal.pone.0026849","Performed the experiments","AT"
"1330","10.1371/journal.pone.0026849","Performed the experiments","KO"
"1331","10.1371/journal.pone.0026849","Performed the experiments","JGS"
"1332","10.1371/journal.pone.0026849","Analyzed the data","TLB"
"1333","10.1371/journal.pone.0026849","Contributed reagents/materials/analysis tools","MUJ"
"1334","10.1371/journal.pone.0026849","Contributed reagents/materials/analysis tools","JGS"
"1335","10.1371/journal.pone.0026849","Contributed reagents/materials/analysis tools","JH"
"1336","10.1371/journal.pone.0026849","Contributed reagents/materials/analysis tools","AT"
"1337","10.1371/journal.pone.0026849","Contributed reagents/materials/analysis tools","TIAS"
"1338","10.1371/journal.pone.0026849","Contributed reagents/materials/analysis tools","KO"
"1339","10.1371/journal.pone.0026849","Wrote the paper","TLB"
"1346","10.1371/journal.pone.0066555","Conceived and designed the experiments","JKL"
"1347","10.1371/journal.pone.0066555","Conceived and designed the experiments","MKK"
"1348","10.1371/journal.pone.0066555","Performed the experiments","JKL"
"1349","10.1371/journal.pone.0066555","Performed the experiments","MKK"
"1350","10.1371/journal.pone.0066555","Analyzed the data","KAS"
"1351","10.1371/journal.pone.0066555","Analyzed the data","CJP"
"1352","10.1371/journal.pone.0066555","Contributed reagents/materials/analysis tools","JKL"
"1353","10.1371/journal.pone.0066555","Contributed reagents/materials/analysis tools","MKK"
"1354","10.1371/journal.pone.0066555","Wrote the paper","JKL"
"1355","10.1371/journal.pone.0066555","Wrote the paper","KAS"
"1356","10.1371/journal.pone.0066555","Wrote the paper","CJP"
"1357","10.1371/journal.pone.0060766","Analyzed the data","NB"
"1358","10.1371/journal.pone.0060766","Analyzed the data","AI"
"1359","10.1371/journal.pone.0060766","Contributed reagents/materials/analysis tools","AI"
"1360","10.1371/journal.pone.0060766","Contributed reagents/materials/analysis tools","IP"
"1361","10.1371/journal.pone.0060766","Wrote the paper","NB"
"1362","10.1371/journal.pone.0060766","Wrote the paper","AI"
"1363","10.1371/journal.pone.0060766","Wrote the paper","IP"
"1364","10.1371/journal.pone.0006631","Conceived and designed the experiments","JBL"
"1365","10.1371/journal.pone.0006631","Conceived and designed the experiments","PS"
"1366","10.1371/journal.pone.0006631","Performed the experiments","JBL"
"1367","10.1371/journal.pone.0006631","Performed the experiments","PS"
"1368","10.1371/journal.pone.0006631","Analyzed the data","JBL"
"1369","10.1371/journal.pone.0006631","Analyzed the data","PS"
"1370","10.1371/journal.pone.0006631","Contributed reagents/materials/analysis tools","AB"
"1371","10.1371/journal.pone.0006631","Wrote the paper","JBL"
"1372","10.1371/journal.pone.0006631","Wrote the paper","PS"
"1373","10.1371/journal.pone.0015454","Conceived and designed the experiments","RV"
"1374","10.1371/journal.pone.0015454","Conceived and designed the experiments","HL"
"1375","10.1371/journal.pone.0015454","Conceived and designed the experiments","ABH"
"1376","10.1371/journal.pone.0015454","Performed the experiments","RV"
"1377","10.1371/journal.pone.0015454","Performed the experiments","HL"
"1378","10.1371/journal.pone.0015454","Performed the experiments","EJS"
"1379","10.1371/journal.pone.0015454","Performed the experiments","PB"
"1380","10.1371/journal.pone.0015454","Performed the experiments","JCS"
"1381","10.1371/journal.pone.0015454","Analyzed the data","RV"
"1382","10.1371/journal.pone.0015454","Analyzed the data","JCS"
"1383","10.1371/journal.pone.0015454","Contributed reagents/materials/analysis tools","RV"
"1384","10.1371/journal.pone.0015454","Contributed reagents/materials/analysis tools","JCS"
"1385","10.1371/journal.pone.0015454","Wrote the paper","RV"
"1392","10.1371/journal.pone.0020924","Conceived and designed the experiments","CG"
"1393","10.1371/journal.pone.0020924","Conceived and designed the experiments","GL"
"1394","10.1371/journal.pone.0020924","Performed the experiments","CG"
"1395","10.1371/journal.pone.0020924","Analyzed the data","CG"
"1396","10.1371/journal.pone.0020924","Analyzed the data","FD"
"1397","10.1371/journal.pone.0020924","Analyzed the data","GL"
"1398","10.1371/journal.pone.0020924","Contributed reagents/materials/analysis tools","CE"
"1399","10.1371/journal.pone.0020924","Wrote the paper","FD"
"1400","10.1371/journal.pone.0020924","Wrote the paper","GL"
"1401","10.1371/journal.pone.0006592","Conceived and designed the experiments","JEO"
"1402","10.1371/journal.pone.0006592","Conceived and designed the experiments","KPI"
"1403","10.1371/journal.pone.0006592","Conceived and designed the experiments","TER"
"1404","10.1371/journal.pone.0006592","Performed the experiments","JEO"
"1405","10.1371/journal.pone.0006592","Performed the experiments","KPI"
"1406","10.1371/journal.pone.0006592","Performed the experiments","TER"
"1407","10.1371/journal.pone.0006592","Analyzed the data","JEO"
"1408","10.1371/journal.pone.0006592","Analyzed the data","KPI"
"1409","10.1371/journal.pone.0006592","Analyzed the data","CUM"
"1410","10.1371/journal.pone.0006592","Analyzed the data","TER"
"1411","10.1371/journal.pone.0006592","Wrote the paper","JEO"
"1412","10.1371/journal.pone.0006592","Wrote the paper","TER"
"1413","10.1371/journal.pone.0066554","Conceived and designed the experiments","FMG"
"1414","10.1371/journal.pone.0066554","Conceived and designed the experiments","SVS"
"1415","10.1371/journal.pone.0066554","Conceived and designed the experiments","MHV"
"1416","10.1371/journal.pone.0066554","Conceived and designed the experiments","AMdUE"
"1417","10.1371/journal.pone.0066554","Conceived and designed the experiments","SJFEG"
"1418","10.1371/journal.pone.0066554","Conceived and designed the experiments","AB"
"1419","10.1371/journal.pone.0066554","Conceived and designed the experiments","GF"
"1420","10.1371/journal.pone.0066554","Performed the experiments","FMG"
"1421","10.1371/journal.pone.0066554","Performed the experiments","MHV"
"1422","10.1371/journal.pone.0066554","Performed the experiments","AMdUE"
"1423","10.1371/journal.pone.0066554","Analyzed the data","SVS"
"1424","10.1371/journal.pone.0066554","Analyzed the data","SJFEG"
"1425","10.1371/journal.pone.0066554","Analyzed the data","AB"
"1426","10.1371/journal.pone.0066554","Analyzed the data","GF"
"1427","10.1371/journal.pone.0066554","Wrote the paper","SVS"
"1428","10.1371/journal.pone.0066554","Wrote the paper","AB"
"1429","10.1371/journal.pone.0066554","Wrote the paper","GF"
"1430","10.1371/journal.pone.0063758","Conceived and designed the experiments","YWL"
"1431","10.1371/journal.pone.0063758","Conceived and designed the experiments","AL"
"1432","10.1371/journal.pone.0063758","Conceived and designed the experiments","CGN"
"1433","10.1371/journal.pone.0063758","Conceived and designed the experiments","FB"
"1434","10.1371/journal.pone.0063758","Performed the experiments","YWL"
"1435","10.1371/journal.pone.0063758","Performed the experiments","AL"
"1436","10.1371/journal.pone.0063758","Performed the experiments","VG"
"1437","10.1371/journal.pone.0063758","Performed the experiments","DB"
"1438","10.1371/journal.pone.0063758","Performed the experiments","AC"
"1439","10.1371/journal.pone.0063758","Performed the experiments","CC"
"1440","10.1371/journal.pone.0063758","Analyzed the data","YWL"
"1441","10.1371/journal.pone.0063758","Analyzed the data","AL"
"1442","10.1371/journal.pone.0063758","Contributed reagents/materials/analysis tools","VG"
"1443","10.1371/journal.pone.0063758","Contributed reagents/materials/analysis tools","DB"
"1444","10.1371/journal.pone.0063758","Contributed reagents/materials/analysis tools","AC"
"1445","10.1371/journal.pone.0063758","Contributed reagents/materials/analysis tools","CC"
"1446","10.1371/journal.pone.0063758","Wrote the paper","YWL"
"1447","10.1371/journal.pone.0063758","Wrote the paper","FB"
"1448","10.1371/journal.pone.0063758","Wrote the paper","CGN"
"1449","10.1371/journal.pone.0015415","Conceived and designed the experiments","P"
"1454","10.1371/journal.pone.0055025","Conceived and designed the experiments","RY"
"1455","10.1371/journal.pone.0055025","Performed the experiments","YH"
"1456","10.1371/journal.pone.0055025","Analyzed the data","YH"
"1457","10.1371/journal.pone.0055025","Analyzed the data","RY"
"1458","10.1371/journal.pone.0055025","Contributed reagents/materials/analysis tools","YH"
"1459","10.1371/journal.pone.0055025","Wrote the paper","RY"
"1460","10.1371/journal.pone.0055025","Wrote the paper","YH"
"1461","10.1371/journal.pone.0000958","Conceived and designed the experiments","AS"
"1462","10.1371/journal.pone.0000958","Conceived and designed the experiments","CA"
"1463","10.1371/journal.pone.0000958","Conceived and designed the experiments","CL"
"1464","10.1371/journal.pone.0000958","Performed the experiments","AS"
"1465","10.1371/journal.pone.0000958","Analyzed the data","AS"
"1466","10.1371/journal.pone.0000958","Analyzed the data","CA"
"1467","10.1371/journal.pone.0000958","Analyzed the data","CL"
"1468","10.1371/journal.pone.0000958","Wrote the paper","AS"
"1469","10.1371/journal.pone.0040901","Conceived and designed the experiments","CA"
"1470","10.1371/journal.pone.0040901","Conceived and designed the experiments","MGR"
"1471","10.1371/journal.pone.0040901","Conceived and designed the experiments","LC"
"1472","10.1371/journal.pone.0040901","Conceived and designed the experiments","FM"
"1473","10.1371/journal.pone.0040901","Conceived and designed the experiments","PB"
"1474","10.1371/journal.pone.0040901","Performed the experiments","CA"
"1475","10.1371/journal.pone.0040901","Performed the experiments","MGR"
"1476","10.1371/journal.pone.0040901","Performed the experiments","LC"
"1477","10.1371/journal.pone.0040901","Performed the experiments","PB"
"1478","10.1371/journal.pone.0040901","Performed the experiments","EMS"
"1479","10.1371/journal.pone.0040901","Performed the experiments","LE"
"1480","10.1371/journal.pone.0040901","Performed the experiments","FM"
"1481","10.1371/journal.pone.0040901","Analyzed the data","PB"
"1482","10.1371/journal.pone.0040901","Analyzed the data","MS"
"1483","10.1371/journal.pone.0040901","Analyzed the data","MF"
"1484","10.1371/journal.pone.0040901","Contributed reagents/materials/analysis tools","PB"
"1485","10.1371/journal.pone.0040901","Contributed reagents/materials/analysis tools","MS"
"1486","10.1371/journal.pone.0040901","Contributed reagents/materials/analysis tools","MF"
"1487","10.1371/journal.pone.0040901","Contributed reagents/materials/analysis tools","FM"
"1488","10.1371/journal.pone.0040901","Wrote the paper","PB"
